batch_id,product_key,Handle,product_id,product_gid,image_audit_id,image_position,image_location,image_url_source,local_evidence_path,image_sha256,identity_status,identity_method,observed_visual_details,alt_current,alt_proposed,alt_action,alt_chars,review_status,revision,issues
B005,chillgen.com::personalized-anchor-rope-pattern-doormat-for-boat-owners,personalized-anchor-rope-pattern-doormat-for-boat-owners,16000689308017,gid://shopify/Product/16000689308017,B005-041-IMG01,1,GALLERY,https://cdn.shopify.com/s/files/1/1023/0068/0561/files/6e7e8aa7a1e6c9db6b119891e5dff9527fd8795789fa7c32e3b7f041bb1b55df.jpg?v=1789061521,/Users/buiquanghuy/Documents/seo_chillgen/seo_runs/chillgen.com/chillgen_20260911_01/evidence/images/B005/personalized-anchor-rope-pattern-doormat-for-boat-owners/01_personalized-anchor-rope-pattern-doormat-for-boat-owners.jpg,b1042efc3a1fea7e13261b157c6e826bbee66bc53b7ffa36883ea77a897a27f0,VERIFIED,PUBLIC_PRODUCTS_JSON_HANDLE_MATCH_AFTER_ACTIVATION,personalized boat name anchor doormat shown as a full room rug,,personalized boat name anchor doormat shown as a full room rug,SET,62,NEEDS_REVIEW,R001,alt_current_unknown_from_public_json; verify media alt in Shopify Admin before deploy
B005,chillgen.com::personalized-anchor-rope-pattern-doormat-for-boat-owners,personalized-anchor-rope-pattern-doormat-for-boat-owners,16000689308017,gid://shopify/Product/16000689308017,B005-041-IMG02,2,GALLERY,https://cdn.shopify.com/s/files/1/1023/0068/0561/files/04ef8d910a8d52fd5d34698e9a59b4620d2438334e7cc4e6d18cc769c508cc16.jpg?v=1789061521,/Users/buiquanghuy/Documents/seo_chillgen/seo_runs/chillgen.com/chillgen_20260911_01/evidence/images/B005/personalized-anchor-rope-pattern-doormat-for-boat-owners/02_personalized-anchor-rope-pattern-doormat-for-boat-owners.jpg,0972dc4386a28a5ec78468ea1f0b0e9d3d0db20910e882f64200e7219df525d1,VERIFIED,PUBLIC_PRODUCTS_JSON_HANDLE_MATCH_AFTER_ACTIVATION,Material or size panel for personalized boat name anchor doormat,,Material or size panel for personalized boat name anchor doormat,SET,64,NEEDS_REVIEW,R001,alt_current_unknown_from_public_json; verify media alt in Shopify Admin before deploy
B005,chillgen.com::personalized-anchor-rope-pattern-doormat-for-boat-owners,personalized-anchor-rope-pattern-doormat-for-boat-owners,16000689308017,gid://shopify/Product/16000689308017,B005-041-IMG03,3,GALLERY,https://cdn.shopify.com/s/files/1/1023/0068/0561/files/9316b3f1f23eff7fc984baf9b33caa49d3f1ea2ec1fe47e752214ac00e894dd4.jpg?v=1789061521,/Users/buiquanghuy/Documents/seo_chillgen/seo_runs/chillgen.com/chillgen_20260911_01/evidence/images/B005/personalized-anchor-rope-pattern-doormat-for-boat-owners/03_personalized-anchor-rope-pattern-doormat-for-boat-owners.jpg,9261e5150178e9448c67d176e0b65e0ee4175195441eb7f32e61103639e3232e,VERIFIED,PUBLIC_PRODUCTS_JSON_HANDLE_MATCH_AFTER_ACTIVATION,Backing comparison panel for personalized boat name anchor doormat,,Backing comparison panel for personalized boat name anchor doormat,SET,66,NEEDS_REVIEW,R001,alt_current_unknown_from_public_json; verify media alt in Shopify Admin before deploy
B005,chillgen.com::personalized-anchor-rope-pattern-doormat-for-boat-owners,personalized-anchor-rope-pattern-doormat-for-boat-owners,16000689308017,gid://shopify/Product/16000689308017,B005-041-IMG04,4,GALLERY,https://cdn.shopify.com/s/files/1/1023/0068/0561/files/6833321ea98510faa6377c085934ef2d31e5a198accdc50d08a114d91f785c52.jpg?v=1789061521,/Users/buiquanghuy/Documents/seo_chillgen/seo_runs/chillgen.com/chillgen_20260911_01/evidence/images/B005/personalized-anchor-rope-pattern-doormat-for-boat-owners/04_personalized-anchor-rope-pattern-doormat-for-boat-owners.jpg,f49ac9ec3d14b395a2a4961b429fe8d7306e91635ce11099c4691f668b09e6b9,VERIFIED,PUBLIC_PRODUCTS_JSON_HANDLE_MATCH_AFTER_ACTIVATION,Size guide for personalized boat name anchor doormat,,Size guide for personalized boat name anchor doormat,SET,52,NEEDS_REVIEW,R001,alt_current_unknown_from_public_json; verify media alt in Shopify Admin before deploy
B005,chillgen.com::personalized-anchor-rope-pattern-doormat-for-boat-owners,personalized-anchor-rope-pattern-doormat-for-boat-owners,16000689308017,gid://shopify/Product/16000689308017,B005-041-IMG05,5,GALLERY,https://cdn.shopify.com/s/files/1/1023/0068/0561/files/ff9407cd611bcc75cfbff51f9124ca5fb08724326712ff9b87cf7c412d2ad271.jpg?v=1789061521,/Users/buiquanghuy/Documents/seo_chillgen/seo_runs/chillgen.com/chillgen_20260911_01/evidence/images/B005/personalized-anchor-rope-pattern-doormat-for-boat-owners/05_personalized-anchor-rope-pattern-doormat-for-boat-owners.jpg,c9951fc8c26d70eb51105bde7b8a0e6e6d810e761911dc4c288778b7baf55809,VERIFIED,PUBLIC_PRODUCTS_JSON_HANDLE_MATCH_AFTER_ACTIVATION,personalized boat name anchor doormat styled near a sofa and fireplace,,personalized boat name anchor doormat styled near a sofa and fireplace,SET,70,NEEDS_REVIEW,R001,alt_current_unknown_from_public_json; verify media alt in Shopify Admin before deploy
B005,chillgen.com::personalized-anchor-rope-pattern-doormat-for-boat-owners,personalized-anchor-rope-pattern-doormat-for-boat-owners,16000689308017,gid://shopify/Product/16000689308017,B005-041-IMG06,6,GALLERY,https://cdn.shopify.com/s/files/1/1023/0068/0561/files/751647f73845f9d9826d558560e96328e64b24a8ea586444337be45efc24d8c9.jpg?v=1789061521,/Users/buiquanghuy/Documents/seo_chillgen/seo_runs/chillgen.com/chillgen_20260911_01/evidence/images/B005/personalized-anchor-rope-pattern-doormat-for-boat-owners/06_personalized-anchor-rope-pattern-doormat-for-boat-owners.jpg,12f2101dc430e3a02e2659a2fbfde6febc73d74c3d0338cf1feb48f7179108b6,VERIFIED,PUBLIC_PRODUCTS_JSON_HANDLE_MATCH_AFTER_ACTIVATION,personalized boat name anchor doormat shown beside a bed or seating area,,personalized boat name anchor doormat shown beside a bed or seating area,SET,72,NEEDS_REVIEW,R001,alt_current_unknown_from_public_json; verify media alt in Shopify Admin before deploy
B005,chillgen.com::personalized-nautical-anchor-doormat-water-repellent,personalized-nautical-anchor-doormat-water-repellent,16000689439089,gid://shopify/Product/16000689439089,B005-042-IMG01,1,GALLERY,https://cdn.shopify.com/s/files/1/1023/0068/0561/files/5038b629798f2ae30a01617e0c3822888f0635b03c006fe4f9d7e4cabbcbaa18.jpg?v=1789061523,/Users/buiquanghuy/Documents/seo_chillgen/seo_runs/chillgen.com/chillgen_20260911_01/evidence/images/B005/personalized-nautical-anchor-doormat-water-repellent/01_personalized-nautical-anchor-doormat-water-repellent.jpg,0d4470e99ae1d90e919eafe711faff9846d42107529e339778e9b2c332322186,VERIFIED,PUBLIC_PRODUCTS_JSON_HANDLE_MATCH_AFTER_ACTIVATION,personalized nautical anchor doormat shown as a full room rug,,personalized nautical anchor doormat shown as a full room rug,SET,61,NEEDS_REVIEW,R001,alt_current_unknown_from_public_json; verify media alt in Shopify Admin before deploy
B005,chillgen.com::personalized-nautical-anchor-doormat-water-repellent,personalized-nautical-anchor-doormat-water-repellent,16000689439089,gid://shopify/Product/16000689439089,B005-042-IMG02,2,GALLERY,https://cdn.shopify.com/s/files/1/1023/0068/0561/files/5ca420150ff68cbc8edd8e4480ae60b2262d0d3936c6a9e540dd9b28120ccc21.jpg?v=1789061523,/Users/buiquanghuy/Documents/seo_chillgen/seo_runs/chillgen.com/chillgen_20260911_01/evidence/images/B005/personalized-nautical-anchor-doormat-water-repellent/02_personalized-nautical-anchor-doormat-water-repellent.jpg,500e2648fdb1bd7bef8146d496629ca000d7cec484e670c70f9b9f787a6c44b4,VERIFIED,PUBLIC_PRODUCTS_JSON_HANDLE_MATCH_AFTER_ACTIVATION,Material or size panel for personalized nautical anchor doormat,,Material or size panel for personalized nautical anchor doormat,SET,63,NEEDS_REVIEW,R001,alt_current_unknown_from_public_json; verify media alt in Shopify Admin before deploy
B005,chillgen.com::personalized-nautical-anchor-doormat-water-repellent,personalized-nautical-anchor-doormat-water-repellent,16000689439089,gid://shopify/Product/16000689439089,B005-042-IMG03,3,GALLERY,https://cdn.shopify.com/s/files/1/1023/0068/0561/files/e79b3959e768c753b16bd6c8752737300bac6f3c575ee5797b6d9315482e7a29.jpg?v=1789061522,/Users/buiquanghuy/Documents/seo_chillgen/seo_runs/chillgen.com/chillgen_20260911_01/evidence/images/B005/personalized-nautical-anchor-doormat-water-repellent/03_personalized-nautical-anchor-doormat-water-repellent.jpg,fa21645936b1b1283a6f21beef50a5dda262b1455cc346acc2887045e7930058,VERIFIED,PUBLIC_PRODUCTS_JSON_HANDLE_MATCH_AFTER_ACTIVATION,Backing comparison panel for personalized nautical anchor doormat,,Backing comparison panel for personalized nautical anchor doormat,SET,65,NEEDS_REVIEW,R001,alt_current_unknown_from_public_json; verify media alt in Shopify Admin before deploy
B005,chillgen.com::personalized-nautical-anchor-doormat-water-repellent,personalized-nautical-anchor-doormat-water-repellent,16000689439089,gid://shopify/Product/16000689439089,B005-042-IMG04,4,GALLERY,https://cdn.shopify.com/s/files/1/1023/0068/0561/files/1edee588d0e4b9207cb138aeb579c7e379b6e8976110113229dfbe038ef1166f.jpg?v=1789061523,/Users/buiquanghuy/Documents/seo_chillgen/seo_runs/chillgen.com/chillgen_20260911_01/evidence/images/B005/personalized-nautical-anchor-doormat-water-repellent/04_personalized-nautical-anchor-doormat-water-repellent.jpg,8c92a94b6134a120f57dd005e362105cbda797049a008cf839e56d952e94dec9,VERIFIED,PUBLIC_PRODUCTS_JSON_HANDLE_MATCH_AFTER_ACTIVATION,Size guide for personalized nautical anchor doormat,,Size guide for personalized nautical anchor doormat,SET,51,NEEDS_REVIEW,R001,alt_current_unknown_from_public_json; verify media alt in Shopify Admin before deploy
B005,chillgen.com::personalized-nautical-anchor-doormat-water-repellent,personalized-nautical-anchor-doormat-water-repellent,16000689439089,gid://shopify/Product/16000689439089,B005-042-IMG05,5,GALLERY,https://cdn.shopify.com/s/files/1/1023/0068/0561/files/66b6d374619b6438ee45b76adf93f49314b9bbd2df801d83957519ea5e26c83f.jpg?v=1789061522,/Users/buiquanghuy/Documents/seo_chillgen/seo_runs/chillgen.com/chillgen_20260911_01/evidence/images/B005/personalized-nautical-anchor-doormat-water-repellent/05_personalized-nautical-anchor-doormat-water-repellent.jpg,7473b89930b8f9cb2bf4317ff4602baa3067c7e817bde9515167bc4fc0e82657,VERIFIED,PUBLIC_PRODUCTS_JSON_HANDLE_MATCH_AFTER_ACTIVATION,personalized nautical anchor doormat styled near a sofa and fireplace,,personalized nautical anchor doormat styled near a sofa and fireplace,SET,69,NEEDS_REVIEW,R001,alt_current_unknown_from_public_json; verify media alt in Shopify Admin before deploy
B005,chillgen.com::personalized-nautical-anchor-doormat-water-repellent,personalized-nautical-anchor-doormat-water-repellent,16000689439089,gid://shopify/Product/16000689439089,B005-042-IMG06,6,GALLERY,https://cdn.shopify.com/s/files/1/1023/0068/0561/files/499b84f6d643de5c6e0fde54c747ce944bc7e3ebd1b75f4bf6b433820475bf24.jpg?v=1789061522,/Users/buiquanghuy/Documents/seo_chillgen/seo_runs/chillgen.com/chillgen_20260911_01/evidence/images/B005/personalized-nautical-anchor-doormat-water-repellent/06_personalized-nautical-anchor-doormat-water-repellent.jpg,a82fb12c9bf227c463741b38bbc0471fe2903b2a49e84b543d39b688ecbc6618,VERIFIED,PUBLIC_PRODUCTS_JSON_HANDLE_MATCH_AFTER_ACTIVATION,personalized nautical anchor doormat shown beside a bed or seating area,,personalized nautical anchor doormat shown beside a bed or seating area,SET,71,NEEDS_REVIEW,R001,alt_current_unknown_from_public_json; verify media alt in Shopify Admin before deploy
B005,chillgen.com::personalized-striped-nautical-anchor-doormat-water-repell-design-13,personalized-striped-nautical-anchor-doormat-water-repell-design-13,16000689635697,gid://shopify/Product/16000689635697,B005-043-IMG01,1,GALLERY,https://cdn.shopify.com/s/files/1/1023/0068/0561/files/4f6599a8a4c17f31f2e3330ed8a41b912c1f2fb8b09a39b5c255c655c8dd0387.jpg?v=1789061530,/Users/buiquanghuy/Documents/seo_chillgen/seo_runs/chillgen.com/chillgen_20260911_01/evidence/images/B005/personalized-striped-nautical-anchor-doormat-water-repell-design-13/01_personalized-striped-nautical-anchor-doormat-water-repell-design-13.jpg,e146d199e2925ca5881bc6772e378a95cb61017ea552d0014d7add1bf3f0ed60,VERIFIED,PUBLIC_PRODUCTS_JSON_HANDLE_MATCH_AFTER_ACTIVATION,striped nautical anchor doormat shown as a full room rug,,striped nautical anchor doormat shown as a full room rug,SET,56,NEEDS_REVIEW,R001,alt_current_unknown_from_public_json; verify media alt in Shopify Admin before deploy
B005,chillgen.com::personalized-striped-nautical-anchor-doormat-water-repell-design-13,personalized-striped-nautical-anchor-doormat-water-repell-design-13,16000689635697,gid://shopify/Product/16000689635697,B005-043-IMG02,2,GALLERY,https://cdn.shopify.com/s/files/1/1023/0068/0561/files/108675ccf7e331c7c47bff7048aca81c1b6ebe29aea12b0af924613fc9ddf200.jpg?v=1789061530,/Users/buiquanghuy/Documents/seo_chillgen/seo_runs/chillgen.com/chillgen_20260911_01/evidence/images/B005/personalized-striped-nautical-anchor-doormat-water-repell-design-13/02_personalized-striped-nautical-anchor-doormat-water-repell-design-13.jpg,e04995cee1f177e3f85692f861108a471542aeae8d3748c1f4e68b1969ae3d3f,VERIFIED,PUBLIC_PRODUCTS_JSON_HANDLE_MATCH_AFTER_ACTIVATION,Material or size panel for striped nautical anchor doormat,,Material or size panel for striped nautical anchor doormat,SET,58,NEEDS_REVIEW,R001,alt_current_unknown_from_public_json; verify media alt in Shopify Admin before deploy
B005,chillgen.com::personalized-striped-nautical-anchor-doormat-water-repell-design-13,personalized-striped-nautical-anchor-doormat-water-repell-design-13,16000689635697,gid://shopify/Product/16000689635697,B005-043-IMG03,3,GALLERY,https://cdn.shopify.com/s/files/1/1023/0068/0561/files/5b132ba03711e9f42a1912f4694db4242b26dd5181a3e53307cd5896d7270c55.jpg?v=1789061530,/Users/buiquanghuy/Documents/seo_chillgen/seo_runs/chillgen.com/chillgen_20260911_01/evidence/images/B005/personalized-striped-nautical-anchor-doormat-water-repell-design-13/03_personalized-striped-nautical-anchor-doormat-water-repell-design-13.jpg,3bb89c36ed68a9b5ef39ab5d302fe87b30efa5e1470c58fdc7ec15ed319ec5c3,VERIFIED,PUBLIC_PRODUCTS_JSON_HANDLE_MATCH_AFTER_ACTIVATION,Backing comparison panel for striped nautical anchor doormat,,Backing comparison panel for striped nautical anchor doormat,SET,60,NEEDS_REVIEW,R001,alt_current_unknown_from_public_json; verify media alt in Shopify Admin before deploy
B005,chillgen.com::personalized-striped-nautical-anchor-doormat-water-repell-design-13,personalized-striped-nautical-anchor-doormat-water-repell-design-13,16000689635697,gid://shopify/Product/16000689635697,B005-043-IMG04,4,GALLERY,https://cdn.shopify.com/s/files/1/1023/0068/0561/files/ca567921890d117137dbd07aad4a730fbe8d6c8835a6ef474802fb7f968023ed.jpg?v=1789061530,/Users/buiquanghuy/Documents/seo_chillgen/seo_runs/chillgen.com/chillgen_20260911_01/evidence/images/B005/personalized-striped-nautical-anchor-doormat-water-repell-design-13/04_personalized-striped-nautical-anchor-doormat-water-repell-design-13.jpg,f691f3d32aeced764b38b6d4608885a2ecc59b630e4d9c4720d4ab69e29c0119,VERIFIED,PUBLIC_PRODUCTS_JSON_HANDLE_MATCH_AFTER_ACTIVATION,Size guide for striped nautical anchor doormat,,Size guide for striped nautical anchor doormat,SET,46,NEEDS_REVIEW,R001,alt_current_unknown_from_public_json; verify media alt in Shopify Admin before deploy
B005,chillgen.com::personalized-striped-nautical-anchor-doormat-water-repell-design-13,personalized-striped-nautical-anchor-doormat-water-repell-design-13,16000689635697,gid://shopify/Product/16000689635697,B005-043-IMG05,5,GALLERY,https://cdn.shopify.com/s/files/1/1023/0068/0561/files/972abc4e2ad06b1730a9e7806951524362c7e029957dbf512dc777c3ae626889.jpg?v=1789061530,/Users/buiquanghuy/Documents/seo_chillgen/seo_runs/chillgen.com/chillgen_20260911_01/evidence/images/B005/personalized-striped-nautical-anchor-doormat-water-repell-design-13/05_personalized-striped-nautical-anchor-doormat-water-repell-design-13.jpg,77e916eadb96a5e0d11ed9b1407226da147f9bdd59beb8001f8d680ce58927e9,VERIFIED,PUBLIC_PRODUCTS_JSON_HANDLE_MATCH_AFTER_ACTIVATION,striped nautical anchor doormat styled near a sofa and fireplace,,striped nautical anchor doormat styled near a sofa and fireplace,SET,64,NEEDS_REVIEW,R001,alt_current_unknown_from_public_json; verify media alt in Shopify Admin before deploy
B005,chillgen.com::personalized-striped-nautical-anchor-doormat-water-repell-design-13,personalized-striped-nautical-anchor-doormat-water-repell-design-13,16000689635697,gid://shopify/Product/16000689635697,B005-043-IMG06,6,GALLERY,https://cdn.shopify.com/s/files/1/1023/0068/0561/files/05122cdb588aea5abac13c13c1c1388240bfc9216af567819c4963c8599922ae.jpg?v=1789061530,/Users/buiquanghuy/Documents/seo_chillgen/seo_runs/chillgen.com/chillgen_20260911_01/evidence/images/B005/personalized-striped-nautical-anchor-doormat-water-repell-design-13/06_personalized-striped-nautical-anchor-doormat-water-repell-design-13.jpg,134f43162ca1a6f2c322f32165462ccaaf09763e882dbc4230eef7fa58d13da7,VERIFIED,PUBLIC_PRODUCTS_JSON_HANDLE_MATCH_AFTER_ACTIVATION,striped nautical anchor doormat shown beside a bed or seating area,,striped nautical anchor doormat shown beside a bed or seating area,SET,66,NEEDS_REVIEW,R001,alt_current_unknown_from_public_json; verify media alt in Shopify Admin before deploy
B005,chillgen.com::personalized-nautical-anchor-with-boat-name-doormat-water-design-08,personalized-nautical-anchor-with-boat-name-doormat-water-design-08,16000690749809,gid://shopify/Product/16000690749809,B005-044-IMG01,1,GALLERY,https://cdn.shopify.com/s/files/1/1023/0068/0561/files/2282cae7f0a80034071c934ab678e035b9fc768882bc016e67ab021a4249a698.jpg?v=1789061574,/Users/buiquanghuy/Documents/seo_chillgen/seo_runs/chillgen.com/chillgen_20260911_01/evidence/images/B005/personalized-nautical-anchor-with-boat-name-doormat-water-design-08/01_personalized-nautical-anchor-with-boat-name-doormat-water-design-08.jpg,bc5254ce7b35837a2d3c02b5261381b77b025398155266c2dc458be47f8cc1ba,VERIFIED,PUBLIC_PRODUCTS_JSON_HANDLE_MATCH_AFTER_ACTIVATION,welcome aboard anchor doormat shown as a full room rug,,welcome aboard anchor doormat shown as a full room rug,SET,54,NEEDS_REVIEW,R001,alt_current_unknown_from_public_json; verify media alt in Shopify Admin before deploy
B005,chillgen.com::personalized-nautical-anchor-with-boat-name-doormat-water-design-08,personalized-nautical-anchor-with-boat-name-doormat-water-design-08,16000690749809,gid://shopify/Product/16000690749809,B005-044-IMG02,2,GALLERY,https://cdn.shopify.com/s/files/1/1023/0068/0561/files/9e4a2cc27b4e2989f36c4451b190440fffa04f5ba1717a0f05148d0577fcf3a0.jpg?v=1789061574,/Users/buiquanghuy/Documents/seo_chillgen/seo_runs/chillgen.com/chillgen_20260911_01/evidence/images/B005/personalized-nautical-anchor-with-boat-name-doormat-water-design-08/02_personalized-nautical-anchor-with-boat-name-doormat-water-design-08.jpg,9358b4176f5b391302753dbbcfaa9ad90abdb914983e29d543b23ff116f475a9,VERIFIED,PUBLIC_PRODUCTS_JSON_HANDLE_MATCH_AFTER_ACTIVATION,Material or size panel for welcome aboard anchor doormat,,Material or size panel for welcome aboard anchor doormat,SET,56,NEEDS_REVIEW,R001,alt_current_unknown_from_public_json; verify media alt in Shopify Admin before deploy
B005,chillgen.com::personalized-nautical-anchor-with-boat-name-doormat-water-design-08,personalized-nautical-anchor-with-boat-name-doormat-water-design-08,16000690749809,gid://shopify/Product/16000690749809,B005-044-IMG03,3,GALLERY,https://cdn.shopify.com/s/files/1/1023/0068/0561/files/99a4f574ab6646082b698d7297aa2c86de106d876600c5f0448dc5f635a3f986.jpg?v=1789061574,/Users/buiquanghuy/Documents/seo_chillgen/seo_runs/chillgen.com/chillgen_20260911_01/evidence/images/B005/personalized-nautical-anchor-with-boat-name-doormat-water-design-08/03_personalized-nautical-anchor-with-boat-name-doormat-water-design-08.jpg,6de7e7eedbed5a390a645c62ded9557e7002763822ef2a7006f419a41be7a5be,VERIFIED,PUBLIC_PRODUCTS_JSON_HANDLE_MATCH_AFTER_ACTIVATION,Backing comparison panel for welcome aboard anchor doormat,,Backing comparison panel for welcome aboard anchor doormat,SET,58,NEEDS_REVIEW,R001,alt_current_unknown_from_public_json; verify media alt in Shopify Admin before deploy
B005,chillgen.com::personalized-nautical-anchor-with-boat-name-doormat-water-design-08,personalized-nautical-anchor-with-boat-name-doormat-water-design-08,16000690749809,gid://shopify/Product/16000690749809,B005-044-IMG04,4,GALLERY,https://cdn.shopify.com/s/files/1/1023/0068/0561/files/efe2f22179512f98b4aff3bce58cc74db88f3145f82b6ea4fa5687db68ab1271.jpg?v=1789061574,/Users/buiquanghuy/Documents/seo_chillgen/seo_runs/chillgen.com/chillgen_20260911_01/evidence/images/B005/personalized-nautical-anchor-with-boat-name-doormat-water-design-08/04_personalized-nautical-anchor-with-boat-name-doormat-water-design-08.jpg,328efbd8b7ccc2df2134147221093efba2854aeea32f9c5aff5aebf247ade519,VERIFIED,PUBLIC_PRODUCTS_JSON_HANDLE_MATCH_AFTER_ACTIVATION,Size guide for welcome aboard anchor doormat,,Size guide for welcome aboard anchor doormat,SET,44,NEEDS_REVIEW,R001,alt_current_unknown_from_public_json; verify media alt in Shopify Admin before deploy
B005,chillgen.com::personalized-nautical-anchor-with-boat-name-doormat-water-design-08,personalized-nautical-anchor-with-boat-name-doormat-water-design-08,16000690749809,gid://shopify/Product/16000690749809,B005-044-IMG05,5,GALLERY,https://cdn.shopify.com/s/files/1/1023/0068/0561/files/3b9eddee215cd61853a456bcdf7b355df833b29ee16c4c734323c75d8af48321.jpg?v=1789061574,/Users/buiquanghuy/Documents/seo_chillgen/seo_runs/chillgen.com/chillgen_20260911_01/evidence/images/B005/personalized-nautical-anchor-with-boat-name-doormat-water-design-08/05_personalized-nautical-anchor-with-boat-name-doormat-water-design-08.jpg,a15fbaf5ce4dc63e9836babb2be4051649cbb7ad8c4b92d4715a95944aade059,VERIFIED,PUBLIC_PRODUCTS_JSON_HANDLE_MATCH_AFTER_ACTIVATION,welcome aboard anchor doormat styled near a sofa and fireplace,,welcome aboard anchor doormat styled near a sofa and fireplace,SET,62,NEEDS_REVIEW,R001,alt_current_unknown_from_public_json; verify media alt in Shopify Admin before deploy
B005,chillgen.com::personalized-nautical-anchor-with-boat-name-doormat-water-design-08,personalized-nautical-anchor-with-boat-name-doormat-water-design-08,16000690749809,gid://shopify/Product/16000690749809,B005-044-IMG06,6,GALLERY,https://cdn.shopify.com/s/files/1/1023/0068/0561/files/2b4093d0f79a4bbb8863d22063463be26db995d795a3dcf1f301674956659642.jpg?v=1789061574,/Users/buiquanghuy/Documents/seo_chillgen/seo_runs/chillgen.com/chillgen_20260911_01/evidence/images/B005/personalized-nautical-anchor-with-boat-name-doormat-water-design-08/06_personalized-nautical-anchor-with-boat-name-doormat-water-design-08.jpg,ea2241d49773c5832068f08c190f9cbd089b926650fe04d448277d0f114780d4,VERIFIED,PUBLIC_PRODUCTS_JSON_HANDLE_MATCH_AFTER_ACTIVATION,welcome aboard anchor doormat shown beside a bed or seating area,,welcome aboard anchor doormat shown beside a bed or seating area,SET,64,NEEDS_REVIEW,R001,alt_current_unknown_from_public_json; verify media alt in Shopify Admin before deploy
B005,chillgen.com::personalized-nautical-anchor-with-ship-wheel-doormat-water-repellent,personalized-nautical-anchor-with-ship-wheel-doormat-water-repellent,16000690815345,gid://shopify/Product/16000690815345,B005-045-IMG01,1,GALLERY,https://cdn.shopify.com/s/files/1/1023/0068/0561/files/cb171a2a4f811cd57618246addae31136720f18ba0d74f61d27886b649a7f54f.jpg?v=1789061574,/Users/buiquanghuy/Documents/seo_chillgen/seo_runs/chillgen.com/chillgen_20260911_01/evidence/images/B005/personalized-nautical-anchor-with-ship-wheel-doormat-water-repellent/01_personalized-nautical-anchor-with-ship-wheel-doormat-water-repellent.jpg,74114429ba0fa9fb4393fc2c25b2c581d8f302983c0205e4b1ea70dbbcdb3edf,VERIFIED,PUBLIC_PRODUCTS_JSON_HANDLE_MATCH_AFTER_ACTIVATION,personalized ship wheel doormat shown as a full room rug,,personalized ship wheel doormat shown as a full room rug,SET,56,NEEDS_REVIEW,R001,alt_current_unknown_from_public_json; verify media alt in Shopify Admin before deploy
B005,chillgen.com::personalized-nautical-anchor-with-ship-wheel-doormat-water-repellent,personalized-nautical-anchor-with-ship-wheel-doormat-water-repellent,16000690815345,gid://shopify/Product/16000690815345,B005-045-IMG02,2,GALLERY,https://cdn.shopify.com/s/files/1/1023/0068/0561/files/2ec5bfd9788703c9a44bff2ab17c6a45bb6915321fdd18c5ee15d199b3d335ba.jpg?v=1789061575,/Users/buiquanghuy/Documents/seo_chillgen/seo_runs/chillgen.com/chillgen_20260911_01/evidence/images/B005/personalized-nautical-anchor-with-ship-wheel-doormat-water-repellent/02_personalized-nautical-anchor-with-ship-wheel-doormat-water-repellent.jpg,b084ceae3261accdced12f4cf73c812b5a4a0c5417b4ee5c90338ec93fae499f,VERIFIED,PUBLIC_PRODUCTS_JSON_HANDLE_MATCH_AFTER_ACTIVATION,Material or size panel for personalized ship wheel doormat,,Material or size panel for personalized ship wheel doormat,SET,58,NEEDS_REVIEW,R001,alt_current_unknown_from_public_json; verify media alt in Shopify Admin before deploy
B005,chillgen.com::personalized-nautical-anchor-with-ship-wheel-doormat-water-repellent,personalized-nautical-anchor-with-ship-wheel-doormat-water-repellent,16000690815345,gid://shopify/Product/16000690815345,B005-045-IMG03,3,GALLERY,https://cdn.shopify.com/s/files/1/1023/0068/0561/files/ac931b431ff481ee4a96a4a2f670f14bc94681ad98c21f0c11f6e4e7cea66415.jpg?v=1789061575,/Users/buiquanghuy/Documents/seo_chillgen/seo_runs/chillgen.com/chillgen_20260911_01/evidence/images/B005/personalized-nautical-anchor-with-ship-wheel-doormat-water-repellent/03_personalized-nautical-anchor-with-ship-wheel-doormat-water-repellent.jpg,17cae4498317e691e9f89aa682c381c1766ac84911cc0058389f263a34cc9043,VERIFIED,PUBLIC_PRODUCTS_JSON_HANDLE_MATCH_AFTER_ACTIVATION,Backing comparison panel for personalized ship wheel doormat,,Backing comparison panel for personalized ship wheel doormat,SET,60,NEEDS_REVIEW,R001,alt_current_unknown_from_public_json; verify media alt in Shopify Admin before deploy
B005,chillgen.com::personalized-nautical-anchor-with-ship-wheel-doormat-water-repellent,personalized-nautical-anchor-with-ship-wheel-doormat-water-repellent,16000690815345,gid://shopify/Product/16000690815345,B005-045-IMG04,4,GALLERY,https://cdn.shopify.com/s/files/1/1023/0068/0561/files/3592c9129902ce702e84e89183b9da6c2cfdc36c5bd6974d5bfe27f6e418d4ce.jpg?v=1789061575,/Users/buiquanghuy/Documents/seo_chillgen/seo_runs/chillgen.com/chillgen_20260911_01/evidence/images/B005/personalized-nautical-anchor-with-ship-wheel-doormat-water-repellent/04_personalized-nautical-anchor-with-ship-wheel-doormat-water-repellent.jpg,8600005195e687e48ab28774c04e63534e6ae4d824a0db4ad4ffd5e7d0634cd1,VERIFIED,PUBLIC_PRODUCTS_JSON_HANDLE_MATCH_AFTER_ACTIVATION,Size guide for personalized ship wheel doormat,,Size guide for personalized ship wheel doormat,SET,46,NEEDS_REVIEW,R001,alt_current_unknown_from_public_json; verify media alt in Shopify Admin before deploy
B005,chillgen.com::personalized-nautical-anchor-with-ship-wheel-doormat-water-repellent,personalized-nautical-anchor-with-ship-wheel-doormat-water-repellent,16000690815345,gid://shopify/Product/16000690815345,B005-045-IMG05,5,GALLERY,https://cdn.shopify.com/s/files/1/1023/0068/0561/files/0bdaa27e78dabd607f0c62d65fb12cf086322724635d6ae3435cf6dce5ee50c3.jpg?v=1789061574,/Users/buiquanghuy/Documents/seo_chillgen/seo_runs/chillgen.com/chillgen_20260911_01/evidence/images/B005/personalized-nautical-anchor-with-ship-wheel-doormat-water-repellent/05_personalized-nautical-anchor-with-ship-wheel-doormat-water-repellent.jpg,783213f320eb6ff0b5dd85c4479a741a664a18240de15299c3dc1c6c05286f59,VERIFIED,PUBLIC_PRODUCTS_JSON_HANDLE_MATCH_AFTER_ACTIVATION,personalized ship wheel doormat styled near a sofa and fireplace,,personalized ship wheel doormat styled near a sofa and fireplace,SET,64,NEEDS_REVIEW,R001,alt_current_unknown_from_public_json; verify media alt in Shopify Admin before deploy
B005,chillgen.com::personalized-nautical-anchor-with-ship-wheel-doormat-water-repellent,personalized-nautical-anchor-with-ship-wheel-doormat-water-repellent,16000690815345,gid://shopify/Product/16000690815345,B005-045-IMG06,6,GALLERY,https://cdn.shopify.com/s/files/1/1023/0068/0561/files/16051e5365cad8f5e3f270794a7095091c45b051cfbef3298b34ddd8535d0012.jpg?v=1789061574,/Users/buiquanghuy/Documents/seo_chillgen/seo_runs/chillgen.com/chillgen_20260911_01/evidence/images/B005/personalized-nautical-anchor-with-ship-wheel-doormat-water-repellent/06_personalized-nautical-anchor-with-ship-wheel-doormat-water-repellent.jpg,6b566531edc39307b94748e937f04a3e379920d7785a4501ebac331bc12f77d1,VERIFIED,PUBLIC_PRODUCTS_JSON_HANDLE_MATCH_AFTER_ACTIVATION,personalized ship wheel doormat shown beside a bed or seating area,,personalized ship wheel doormat shown beside a bed or seating area,SET,66,NEEDS_REVIEW,R001,alt_current_unknown_from_public_json; verify media alt in Shopify Admin before deploy
B005,chillgen.com::personalized-nautical-anchor-with-boat-name-doormat-water-design-14,personalized-nautical-anchor-with-boat-name-doormat-water-design-14,16000691044721,gid://shopify/Product/16000691044721,B005-046-IMG01,1,GALLERY,https://cdn.shopify.com/s/files/1/1023/0068/0561/files/541ea9ba7983870fcaadd89973fd1bbb6ea3ec2c9697941f1102997779b601c4.jpg?v=1789061582,/Users/buiquanghuy/Documents/seo_chillgen/seo_runs/chillgen.com/chillgen_20260911_01/evidence/images/B005/personalized-nautical-anchor-with-boat-name-doormat-water-design-14/01_personalized-nautical-anchor-with-boat-name-doormat-water-design-14.jpg,02ac6c2a8471136fd9d2056d6442e8ee5a2bbe62f4fdd1e0eb57cfa9b2c23bc4,VERIFIED,PUBLIC_PRODUCTS_JSON_HANDLE_MATCH_AFTER_ACTIVATION,coastal anchor boat name doormat shown as a full room rug,,coastal anchor boat name doormat shown as a full room rug,SET,57,NEEDS_REVIEW,R001,alt_current_unknown_from_public_json; verify media alt in Shopify Admin before deploy
B005,chillgen.com::personalized-nautical-anchor-with-boat-name-doormat-water-design-14,personalized-nautical-anchor-with-boat-name-doormat-water-design-14,16000691044721,gid://shopify/Product/16000691044721,B005-046-IMG02,2,GALLERY,https://cdn.shopify.com/s/files/1/1023/0068/0561/files/f31fbd8d7fb4cebe7fd755830ab2c77609dbed24fa707bc0d77dd71ffd8b093b.jpg?v=1789061583,/Users/buiquanghuy/Documents/seo_chillgen/seo_runs/chillgen.com/chillgen_20260911_01/evidence/images/B005/personalized-nautical-anchor-with-boat-name-doormat-water-design-14/02_personalized-nautical-anchor-with-boat-name-doormat-water-design-14.jpg,4d4cdef1822108972f53232d0a70455bde54977a8f3a6e4ec28f9cee8c3b879c,VERIFIED,PUBLIC_PRODUCTS_JSON_HANDLE_MATCH_AFTER_ACTIVATION,Material or size panel for coastal anchor boat name doormat,,Material or size panel for coastal anchor boat name doormat,SET,59,NEEDS_REVIEW,R001,alt_current_unknown_from_public_json; verify media alt in Shopify Admin before deploy
B005,chillgen.com::personalized-nautical-anchor-with-boat-name-doormat-water-design-14,personalized-nautical-anchor-with-boat-name-doormat-water-design-14,16000691044721,gid://shopify/Product/16000691044721,B005-046-IMG03,3,GALLERY,https://cdn.shopify.com/s/files/1/1023/0068/0561/files/c58a8a04a6d1ed54373ee390101fc5f1044945dc18e484b83b6ed44f98d06bb8.jpg?v=1789061582,/Users/buiquanghuy/Documents/seo_chillgen/seo_runs/chillgen.com/chillgen_20260911_01/evidence/images/B005/personalized-nautical-anchor-with-boat-name-doormat-water-design-14/03_personalized-nautical-anchor-with-boat-name-doormat-water-design-14.jpg,12b1842b37accbfc5e54a826351479fad56cdc1bba8f811c5c7f317958e84113,VERIFIED,PUBLIC_PRODUCTS_JSON_HANDLE_MATCH_AFTER_ACTIVATION,Backing comparison panel for coastal anchor boat name doormat,,Backing comparison panel for coastal anchor boat name doormat,SET,61,NEEDS_REVIEW,R001,alt_current_unknown_from_public_json; verify media alt in Shopify Admin before deploy
B005,chillgen.com::personalized-nautical-anchor-with-boat-name-doormat-water-design-14,personalized-nautical-anchor-with-boat-name-doormat-water-design-14,16000691044721,gid://shopify/Product/16000691044721,B005-046-IMG04,4,GALLERY,https://cdn.shopify.com/s/files/1/1023/0068/0561/files/5b972414aa6aa80c8f5f9dda92bf879dd267e12afd72be702dfbe78f3d71a327.jpg?v=1789061582,/Users/buiquanghuy/Documents/seo_chillgen/seo_runs/chillgen.com/chillgen_20260911_01/evidence/images/B005/personalized-nautical-anchor-with-boat-name-doormat-water-design-14/04_personalized-nautical-anchor-with-boat-name-doormat-water-design-14.jpg,00c736e01b725564f2d670ea1543b18ab1cdd8bdd76a71f6afd721367af416c1,VERIFIED,PUBLIC_PRODUCTS_JSON_HANDLE_MATCH_AFTER_ACTIVATION,Size guide for coastal anchor boat name doormat,,Size guide for coastal anchor boat name doormat,SET,47,NEEDS_REVIEW,R001,alt_current_unknown_from_public_json; verify media alt in Shopify Admin before deploy
B005,chillgen.com::personalized-nautical-anchor-with-boat-name-doormat-water-design-14,personalized-nautical-anchor-with-boat-name-doormat-water-design-14,16000691044721,gid://shopify/Product/16000691044721,B005-046-IMG05,5,GALLERY,https://cdn.shopify.com/s/files/1/1023/0068/0561/files/506613ffa0e8156ac5a32e4a7d9d0ddce9badf23436507ff42de054f1ff3684f.jpg?v=1789061582,/Users/buiquanghuy/Documents/seo_chillgen/seo_runs/chillgen.com/chillgen_20260911_01/evidence/images/B005/personalized-nautical-anchor-with-boat-name-doormat-water-design-14/05_personalized-nautical-anchor-with-boat-name-doormat-water-design-14.jpg,527905eb1b5c5c04c7d662808045211e9345deaffddf3860449a200d50c83736,VERIFIED,PUBLIC_PRODUCTS_JSON_HANDLE_MATCH_AFTER_ACTIVATION,coastal anchor boat name doormat styled near a sofa and fireplace,,coastal anchor boat name doormat styled near a sofa and fireplace,SET,65,NEEDS_REVIEW,R001,alt_current_unknown_from_public_json; verify media alt in Shopify Admin before deploy
B005,chillgen.com::personalized-nautical-anchor-with-boat-name-doormat-water-design-14,personalized-nautical-anchor-with-boat-name-doormat-water-design-14,16000691044721,gid://shopify/Product/16000691044721,B005-046-IMG06,6,GALLERY,https://cdn.shopify.com/s/files/1/1023/0068/0561/files/0de062409181527d7dc130cbcb2e68c6c452e91db9dac303d47c630bb34192fe.jpg?v=1789061582,/Users/buiquanghuy/Documents/seo_chillgen/seo_runs/chillgen.com/chillgen_20260911_01/evidence/images/B005/personalized-nautical-anchor-with-boat-name-doormat-water-design-14/06_personalized-nautical-anchor-with-boat-name-doormat-water-design-14.jpg,307abfd7b5566de6b89843c8e422c1b1039f9f5321b6417bde4f68e79672a9fc,VERIFIED,PUBLIC_PRODUCTS_JSON_HANDLE_MATCH_AFTER_ACTIVATION,coastal anchor boat name doormat shown beside a bed or seating area,,coastal anchor boat name doormat shown beside a bed or seating area,SET,67,NEEDS_REVIEW,R001,alt_current_unknown_from_public_json; verify media alt in Shopify Admin before deploy
B005,chillgen.com::personalized-nautical-anchor-welcome-aboard-doormat-water-repellent,personalized-nautical-anchor-welcome-aboard-doormat-water-repellent,16000692093297,gid://shopify/Product/16000692093297,B005-047-IMG01,1,GALLERY,https://cdn.shopify.com/s/files/1/1023/0068/0561/files/df0c989d15188d44c8b27c82cd3873b8e286b94672cdcac349fabee011d35905.jpg?v=1789061622,/Users/buiquanghuy/Documents/seo_chillgen/seo_runs/chillgen.com/chillgen_20260911_01/evidence/images/B005/personalized-nautical-anchor-welcome-aboard-doormat-water-repellent/01_personalized-nautical-anchor-welcome-aboard-doormat-water-repellent.jpg,c213e0034d1b8ee112d10d528c6c7885246d5571111607b95f32ef77cb641f7d,VERIFIED,PUBLIC_PRODUCTS_JSON_HANDLE_MATCH_AFTER_ACTIVATION,boat name welcome aboard doormat shown as a full room rug,,boat name welcome aboard doormat shown as a full room rug,SET,57,NEEDS_REVIEW,R001,alt_current_unknown_from_public_json; verify media alt in Shopify Admin before deploy
B005,chillgen.com::personalized-nautical-anchor-welcome-aboard-doormat-water-repellent,personalized-nautical-anchor-welcome-aboard-doormat-water-repellent,16000692093297,gid://shopify/Product/16000692093297,B005-047-IMG02,2,GALLERY,https://cdn.shopify.com/s/files/1/1023/0068/0561/files/58a0d8521b861e9df38d2f2c321cb35dbedf1dacaa927b01b815c7676b6ac23f.jpg?v=1789061622,/Users/buiquanghuy/Documents/seo_chillgen/seo_runs/chillgen.com/chillgen_20260911_01/evidence/images/B005/personalized-nautical-anchor-welcome-aboard-doormat-water-repellent/02_personalized-nautical-anchor-welcome-aboard-doormat-water-repellent.jpg,f3a27f35ecc7d0cc6c86d50338da8bd48628de2501a8b456e9ac006361503056,VERIFIED,PUBLIC_PRODUCTS_JSON_HANDLE_MATCH_AFTER_ACTIVATION,Material or size panel for boat name welcome aboard doormat,,Material or size panel for boat name welcome aboard doormat,SET,59,NEEDS_REVIEW,R001,alt_current_unknown_from_public_json; verify media alt in Shopify Admin before deploy
B005,chillgen.com::personalized-nautical-anchor-welcome-aboard-doormat-water-repellent,personalized-nautical-anchor-welcome-aboard-doormat-water-repellent,16000692093297,gid://shopify/Product/16000692093297,B005-047-IMG03,3,GALLERY,https://cdn.shopify.com/s/files/1/1023/0068/0561/files/3592922c898be6f6e2ab0c5a06d9898dd2eca65bf1e703c709ccf3755b47df87.jpg?v=1789061622,/Users/buiquanghuy/Documents/seo_chillgen/seo_runs/chillgen.com/chillgen_20260911_01/evidence/images/B005/personalized-nautical-anchor-welcome-aboard-doormat-water-repellent/03_personalized-nautical-anchor-welcome-aboard-doormat-water-repellent.jpg,4dbe22f84397a8668cda73dc4d40e7d2f28947f946284a4b11dd2e5f81768296,VERIFIED,PUBLIC_PRODUCTS_JSON_HANDLE_MATCH_AFTER_ACTIVATION,Backing comparison panel for boat name welcome aboard doormat,,Backing comparison panel for boat name welcome aboard doormat,SET,61,NEEDS_REVIEW,R001,alt_current_unknown_from_public_json; verify media alt in Shopify Admin before deploy
B005,chillgen.com::personalized-nautical-anchor-welcome-aboard-doormat-water-repellent,personalized-nautical-anchor-welcome-aboard-doormat-water-repellent,16000692093297,gid://shopify/Product/16000692093297,B005-047-IMG04,4,GALLERY,https://cdn.shopify.com/s/files/1/1023/0068/0561/files/c7826ca4df6df571ad0e65252aafda1c654cbe08e6e17273f871fa57e501a42d.jpg?v=1789061622,/Users/buiquanghuy/Documents/seo_chillgen/seo_runs/chillgen.com/chillgen_20260911_01/evidence/images/B005/personalized-nautical-anchor-welcome-aboard-doormat-water-repellent/04_personalized-nautical-anchor-welcome-aboard-doormat-water-repellent.jpg,50b08fb0d3cbb859a98413c091b491846ef05608bca06e387036657889d3cdb8,VERIFIED,PUBLIC_PRODUCTS_JSON_HANDLE_MATCH_AFTER_ACTIVATION,Size guide for boat name welcome aboard doormat,,Size guide for boat name welcome aboard doormat,SET,47,NEEDS_REVIEW,R001,alt_current_unknown_from_public_json; verify media alt in Shopify Admin before deploy
B005,chillgen.com::personalized-nautical-anchor-welcome-aboard-doormat-water-repellent,personalized-nautical-anchor-welcome-aboard-doormat-water-repellent,16000692093297,gid://shopify/Product/16000692093297,B005-047-IMG05,5,GALLERY,https://cdn.shopify.com/s/files/1/1023/0068/0561/files/26b3e8da9471b3cd578f0e32e08c13d97e75f8967fe9e3e54f79c7393e37f2dd.jpg?v=1789061622,/Users/buiquanghuy/Documents/seo_chillgen/seo_runs/chillgen.com/chillgen_20260911_01/evidence/images/B005/personalized-nautical-anchor-welcome-aboard-doormat-water-repellent/05_personalized-nautical-anchor-welcome-aboard-doormat-water-repellent.jpg,6a8eca6848a6115eeab63c2ad28550c6a982ca66d3841050eada3ae50a3d3039,VERIFIED,PUBLIC_PRODUCTS_JSON_HANDLE_MATCH_AFTER_ACTIVATION,boat name welcome aboard doormat styled near a sofa and fireplace,,boat name welcome aboard doormat styled near a sofa and fireplace,SET,65,NEEDS_REVIEW,R001,alt_current_unknown_from_public_json; verify media alt in Shopify Admin before deploy
B005,chillgen.com::personalized-nautical-anchor-welcome-aboard-doormat-water-repellent,personalized-nautical-anchor-welcome-aboard-doormat-water-repellent,16000692093297,gid://shopify/Product/16000692093297,B005-047-IMG06,6,GALLERY,https://cdn.shopify.com/s/files/1/1023/0068/0561/files/142b62aa02e6ab5db49100752be0e8d9430b4ab6a028fd50ba40bfb14f6d78ca.jpg?v=1789061622,/Users/buiquanghuy/Documents/seo_chillgen/seo_runs/chillgen.com/chillgen_20260911_01/evidence/images/B005/personalized-nautical-anchor-welcome-aboard-doormat-water-repellent/06_personalized-nautical-anchor-welcome-aboard-doormat-water-repellent.jpg,f2be1b0233880f6703c1dd0b31429762bc9fc686a4d2ad3eafbeaf07b894a251,VERIFIED,PUBLIC_PRODUCTS_JSON_HANDLE_MATCH_AFTER_ACTIVATION,boat name welcome aboard doormat shown beside a bed or seating area,,boat name welcome aboard doormat shown beside a bed or seating area,SET,67,NEEDS_REVIEW,R001,alt_current_unknown_from_public_json; verify media alt in Shopify Admin before deploy
B005,chillgen.com::personalized-anchor-welcome-aboard-doormat-for-fishing-boat,personalized-anchor-welcome-aboard-doormat-for-fishing-boat,16000692158833,gid://shopify/Product/16000692158833,B005-048-IMG01,1,GALLERY,https://cdn.shopify.com/s/files/1/1023/0068/0561/files/f03a56f0de9ead690ce00d3955c1ccf573e320acbd1fff2fa0035a9f90399231.jpg?v=1789061623,/Users/buiquanghuy/Documents/seo_chillgen/seo_runs/chillgen.com/chillgen_20260911_01/evidence/images/B005/personalized-anchor-welcome-aboard-doormat-for-fishing-boat/01_personalized-anchor-welcome-aboard-doormat-for-fishing-boat.jpg,c5eb5face1500f637c155eaba6c795bcd60c01ac0c978a59f4ce274023de2d43,VERIFIED,PUBLIC_PRODUCTS_JSON_HANDLE_MATCH_AFTER_ACTIVATION,gold anchor welcome aboard doormat shown as a full room rug,,gold anchor welcome aboard doormat shown as a full room rug,SET,59,NEEDS_REVIEW,R001,alt_current_unknown_from_public_json; verify media alt in Shopify Admin before deploy
B005,chillgen.com::personalized-anchor-welcome-aboard-doormat-for-fishing-boat,personalized-anchor-welcome-aboard-doormat-for-fishing-boat,16000692158833,gid://shopify/Product/16000692158833,B005-048-IMG02,2,GALLERY,https://cdn.shopify.com/s/files/1/1023/0068/0561/files/d63fd0ae0315fb684c90898e3329a583b5eb5a69978718f47e66b155c3ab8219.jpg?v=1789061623,/Users/buiquanghuy/Documents/seo_chillgen/seo_runs/chillgen.com/chillgen_20260911_01/evidence/images/B005/personalized-anchor-welcome-aboard-doormat-for-fishing-boat/02_personalized-anchor-welcome-aboard-doormat-for-fishing-boat.jpg,cfc52dbc294cf7e376bdaad555fb9597e4fe437dfb471dc519b1ebc5e6941507,VERIFIED,PUBLIC_PRODUCTS_JSON_HANDLE_MATCH_AFTER_ACTIVATION,Material or size panel for gold anchor welcome aboard doormat,,Material or size panel for gold anchor welcome aboard doormat,SET,61,NEEDS_REVIEW,R001,alt_current_unknown_from_public_json; verify media alt in Shopify Admin before deploy
B005,chillgen.com::personalized-anchor-welcome-aboard-doormat-for-fishing-boat,personalized-anchor-welcome-aboard-doormat-for-fishing-boat,16000692158833,gid://shopify/Product/16000692158833,B005-048-IMG03,3,GALLERY,https://cdn.shopify.com/s/files/1/1023/0068/0561/files/1298e1f515dc0a5d977c316b683cdc0e73a8b93ffe9b70232cfab35dc940ef50.jpg?v=1789061623,/Users/buiquanghuy/Documents/seo_chillgen/seo_runs/chillgen.com/chillgen_20260911_01/evidence/images/B005/personalized-anchor-welcome-aboard-doormat-for-fishing-boat/03_personalized-anchor-welcome-aboard-doormat-for-fishing-boat.jpg,1d40ee3663da127e0cb3e6a26e9e42d29992638dacebbc8f07a43334397a8e37,VERIFIED,PUBLIC_PRODUCTS_JSON_HANDLE_MATCH_AFTER_ACTIVATION,Backing comparison panel for gold anchor welcome aboard doormat,,Backing comparison panel for gold anchor welcome aboard doormat,SET,63,NEEDS_REVIEW,R001,alt_current_unknown_from_public_json; verify media alt in Shopify Admin before deploy
B005,chillgen.com::personalized-anchor-welcome-aboard-doormat-for-fishing-boat,personalized-anchor-welcome-aboard-doormat-for-fishing-boat,16000692158833,gid://shopify/Product/16000692158833,B005-048-IMG04,4,GALLERY,https://cdn.shopify.com/s/files/1/1023/0068/0561/files/c169cc2ca1290d96ace47565400f5c5c50be64ec5864cc8957ee0fb195879cbd.jpg?v=1789061623,/Users/buiquanghuy/Documents/seo_chillgen/seo_runs/chillgen.com/chillgen_20260911_01/evidence/images/B005/personalized-anchor-welcome-aboard-doormat-for-fishing-boat/04_personalized-anchor-welcome-aboard-doormat-for-fishing-boat.jpg,d059cf641c111bc85025ba06cbecc8c10426dae80c9c5b9403efbe1690f7731f,VERIFIED,PUBLIC_PRODUCTS_JSON_HANDLE_MATCH_AFTER_ACTIVATION,Size guide for gold anchor welcome aboard doormat,,Size guide for gold anchor welcome aboard doormat,SET,49,NEEDS_REVIEW,R001,alt_current_unknown_from_public_json; verify media alt in Shopify Admin before deploy
B005,chillgen.com::personalized-anchor-welcome-aboard-doormat-for-fishing-boat,personalized-anchor-welcome-aboard-doormat-for-fishing-boat,16000692158833,gid://shopify/Product/16000692158833,B005-048-IMG05,5,GALLERY,https://cdn.shopify.com/s/files/1/1023/0068/0561/files/d111e814f50a51a1dd375766bb1210fa3e7fc567d27b456a0b4fbd998835d2ae.jpg?v=1789061623,/Users/buiquanghuy/Documents/seo_chillgen/seo_runs/chillgen.com/chillgen_20260911_01/evidence/images/B005/personalized-anchor-welcome-aboard-doormat-for-fishing-boat/05_personalized-anchor-welcome-aboard-doormat-for-fishing-boat.jpg,41680ad48a1dd2f0faa7e79253bebbe9505135ce19ed8c9dee887bd915c103fb,VERIFIED,PUBLIC_PRODUCTS_JSON_HANDLE_MATCH_AFTER_ACTIVATION,gold anchor welcome aboard doormat styled near a sofa and fireplace,,gold anchor welcome aboard doormat styled near a sofa and fireplace,SET,67,NEEDS_REVIEW,R001,alt_current_unknown_from_public_json; verify media alt in Shopify Admin before deploy
B005,chillgen.com::personalized-anchor-welcome-aboard-doormat-for-fishing-boat,personalized-anchor-welcome-aboard-doormat-for-fishing-boat,16000692158833,gid://shopify/Product/16000692158833,B005-048-IMG06,6,GALLERY,https://cdn.shopify.com/s/files/1/1023/0068/0561/files/f7c689c66d88f161a3957ac0937742032e6f738daa435947f959b74ae6a36d51.jpg?v=1789061623,/Users/buiquanghuy/Documents/seo_chillgen/seo_runs/chillgen.com/chillgen_20260911_01/evidence/images/B005/personalized-anchor-welcome-aboard-doormat-for-fishing-boat/06_personalized-anchor-welcome-aboard-doormat-for-fishing-boat.jpg,118b790481d455e7a4c75eda6fb108db47e66d8fecf1e11f61d41ca7d02c4519,VERIFIED,PUBLIC_PRODUCTS_JSON_HANDLE_MATCH_AFTER_ACTIVATION,gold anchor welcome aboard doormat shown beside a bed or seating area,,gold anchor welcome aboard doormat shown beside a bed or seating area,SET,69,NEEDS_REVIEW,R001,alt_current_unknown_from_public_json; verify media alt in Shopify Admin before deploy
B005,chillgen.com::personalized-anchor-with-boat-name-and-location-doormat,personalized-anchor-with-boat-name-and-location-doormat,16000692289905,gid://shopify/Product/16000692289905,B005-049-IMG01,1,GALLERY,https://cdn.shopify.com/s/files/1/1023/0068/0561/files/e8e9d9eaa53e0ee770c7d5f125b35aa09def695fce55585dcd0a40bfa4076c93.jpg?v=1789061629,/Users/buiquanghuy/Documents/seo_chillgen/seo_runs/chillgen.com/chillgen_20260911_01/evidence/images/B005/personalized-anchor-with-boat-name-and-location-doormat/01_personalized-anchor-with-boat-name-and-location-doormat.jpg,9fc16d20b315aea96fefc9910ad0b313b3642f6f8a090b34e95bd60b8b2961ab,VERIFIED,PUBLIC_PRODUCTS_JSON_HANDLE_MATCH_AFTER_ACTIVATION,anchor boat name location doormat shown as a full room rug,,anchor boat name location doormat shown as a full room rug,SET,58,NEEDS_REVIEW,R001,alt_current_unknown_from_public_json; verify media alt in Shopify Admin before deploy
B005,chillgen.com::personalized-anchor-with-boat-name-and-location-doormat,personalized-anchor-with-boat-name-and-location-doormat,16000692289905,gid://shopify/Product/16000692289905,B005-049-IMG02,2,GALLERY,https://cdn.shopify.com/s/files/1/1023/0068/0561/files/929777434bc035a02f2839edc9e0b4d005937db72dd4a456ce018ec23a7af0b2.jpg?v=1789061629,/Users/buiquanghuy/Documents/seo_chillgen/seo_runs/chillgen.com/chillgen_20260911_01/evidence/images/B005/personalized-anchor-with-boat-name-and-location-doormat/02_personalized-anchor-with-boat-name-and-location-doormat.jpg,47dcc2c434a21ff0996f2d2ac5339bff8d5c1feb66ec7e654bc47bdae6bcee13,VERIFIED,PUBLIC_PRODUCTS_JSON_HANDLE_MATCH_AFTER_ACTIVATION,Material or size panel for anchor boat name location doormat,,Material or size panel for anchor boat name location doormat,SET,60,NEEDS_REVIEW,R001,alt_current_unknown_from_public_json; verify media alt in Shopify Admin before deploy
B005,chillgen.com::personalized-anchor-with-boat-name-and-location-doormat,personalized-anchor-with-boat-name-and-location-doormat,16000692289905,gid://shopify/Product/16000692289905,B005-049-IMG03,3,GALLERY,https://cdn.shopify.com/s/files/1/1023/0068/0561/files/20507a31cdab21dc139ac265d2152f20d476b55497287510e3b980e5472f231b.jpg?v=1789061629,/Users/buiquanghuy/Documents/seo_chillgen/seo_runs/chillgen.com/chillgen_20260911_01/evidence/images/B005/personalized-anchor-with-boat-name-and-location-doormat/03_personalized-anchor-with-boat-name-and-location-doormat.jpg,9971c207598cb895ca25b717dadf6b9093a1bcbaa5e33ea597b18cac8f132a98,VERIFIED,PUBLIC_PRODUCTS_JSON_HANDLE_MATCH_AFTER_ACTIVATION,Backing comparison panel for anchor boat name location doormat,,Backing comparison panel for anchor boat name location doormat,SET,62,NEEDS_REVIEW,R001,alt_current_unknown_from_public_json; verify media alt in Shopify Admin before deploy
B005,chillgen.com::personalized-anchor-with-boat-name-and-location-doormat,personalized-anchor-with-boat-name-and-location-doormat,16000692289905,gid://shopify/Product/16000692289905,B005-049-IMG04,4,GALLERY,https://cdn.shopify.com/s/files/1/1023/0068/0561/files/1ceba3d8fcd5369335258cbe8cc3247af02165f2759210e4b2aeacaa4395e293.jpg?v=1789061629,/Users/buiquanghuy/Documents/seo_chillgen/seo_runs/chillgen.com/chillgen_20260911_01/evidence/images/B005/personalized-anchor-with-boat-name-and-location-doormat/04_personalized-anchor-with-boat-name-and-location-doormat.jpg,3339c7ea1b29e3a870e87e74a1e056a902303ff814ab296f099e7b184bd3fcc3,VERIFIED,PUBLIC_PRODUCTS_JSON_HANDLE_MATCH_AFTER_ACTIVATION,Size guide for anchor boat name location doormat,,Size guide for anchor boat name location doormat,SET,48,NEEDS_REVIEW,R001,alt_current_unknown_from_public_json; verify media alt in Shopify Admin before deploy
B005,chillgen.com::personalized-anchor-with-boat-name-and-location-doormat,personalized-anchor-with-boat-name-and-location-doormat,16000692289905,gid://shopify/Product/16000692289905,B005-049-IMG05,5,GALLERY,https://cdn.shopify.com/s/files/1/1023/0068/0561/files/c737abab191374e01c3cb9ff1e8b42c3a1fe2416df524ec471a8e55a5767d852.jpg?v=1789061629,/Users/buiquanghuy/Documents/seo_chillgen/seo_runs/chillgen.com/chillgen_20260911_01/evidence/images/B005/personalized-anchor-with-boat-name-and-location-doormat/05_personalized-anchor-with-boat-name-and-location-doormat.jpg,55ebdb4286fca29d0188e7046ef9ac75d578842c87a5bca54b1a4a94b961a1af,VERIFIED,PUBLIC_PRODUCTS_JSON_HANDLE_MATCH_AFTER_ACTIVATION,anchor boat name location doormat styled near a sofa and fireplace,,anchor boat name location doormat styled near a sofa and fireplace,SET,66,NEEDS_REVIEW,R001,alt_current_unknown_from_public_json; verify media alt in Shopify Admin before deploy
B005,chillgen.com::personalized-anchor-with-boat-name-and-location-doormat,personalized-anchor-with-boat-name-and-location-doormat,16000692289905,gid://shopify/Product/16000692289905,B005-049-IMG06,6,GALLERY,https://cdn.shopify.com/s/files/1/1023/0068/0561/files/c356db60f4383c6fb4953bf45111ea73885965d74d8709dbc6d4ef709d447c24.jpg?v=1789061629,/Users/buiquanghuy/Documents/seo_chillgen/seo_runs/chillgen.com/chillgen_20260911_01/evidence/images/B005/personalized-anchor-with-boat-name-and-location-doormat/06_personalized-anchor-with-boat-name-and-location-doormat.jpg,a200c7589aa12200059fa4c8b545813a9c9114b88034672d8c633cd1627ebdd1,VERIFIED,PUBLIC_PRODUCTS_JSON_HANDLE_MATCH_AFTER_ACTIVATION,anchor boat name location doormat shown beside a bed or seating area,,anchor boat name location doormat shown beside a bed or seating area,SET,68,NEEDS_REVIEW,R001,alt_current_unknown_from_public_json; verify media alt in Shopify Admin before deploy
B005,chillgen.com::personalized-classroom-welcome-rainbow-welcome-doormat,personalized-classroom-welcome-rainbow-welcome-doormat,16001043726705,gid://shopify/Product/16001043726705,B005-050-IMG01,1,GALLERY,https://cdn.shopify.com/s/files/1/1023/0068/0561/files/5667dfde04fa68bc3f9836e32866f788279c5e6e04316853f3283341f647df0b.jpg?v=1789094327,/Users/buiquanghuy/Documents/seo_chillgen/seo_runs/chillgen.com/chillgen_20260911_01/evidence/images/B005/personalized-classroom-welcome-rainbow-welcome-doormat/01_personalized-classroom-welcome-rainbow-welcome-doormat.jpg,25088473dca790d56843f0189bceaea17b15d3df65956c8fb38a976d642fe3f0,VERIFIED,PUBLIC_PRODUCTS_JSON_HANDLE_MATCH_AFTER_ACTIVATION,personalized rainbow classroom doormat shown as a full room rug,,personalized rainbow classroom doormat shown as a full room rug,SET,63,NEEDS_REVIEW,R001,alt_current_unknown_from_public_json; verify media alt in Shopify Admin before deploy
B005,chillgen.com::personalized-classroom-welcome-rainbow-welcome-doormat,personalized-classroom-welcome-rainbow-welcome-doormat,16001043726705,gid://shopify/Product/16001043726705,B005-050-IMG02,2,GALLERY,https://cdn.shopify.com/s/files/1/1023/0068/0561/files/3af3d5e3fa2d710688fe3e524e6e93c6deb5bfb6ff2d2ef8d117c4e4f0702fbe.jpg?v=1789094327,/Users/buiquanghuy/Documents/seo_chillgen/seo_runs/chillgen.com/chillgen_20260911_01/evidence/images/B005/personalized-classroom-welcome-rainbow-welcome-doormat/02_personalized-classroom-welcome-rainbow-welcome-doormat.jpg,a158823de8743c9bed8bd3375c3e14c92809c0ab1f6a292e48d69417ac762c71,VERIFIED,PUBLIC_PRODUCTS_JSON_HANDLE_MATCH_AFTER_ACTIVATION,Material or size panel for personalized rainbow classroom doormat,,Material or size panel for personalized rainbow classroom doormat,SET,65,NEEDS_REVIEW,R001,alt_current_unknown_from_public_json; verify media alt in Shopify Admin before deploy
B005,chillgen.com::personalized-classroom-welcome-rainbow-welcome-doormat,personalized-classroom-welcome-rainbow-welcome-doormat,16001043726705,gid://shopify/Product/16001043726705,B005-050-IMG03,3,GALLERY,https://cdn.shopify.com/s/files/1/1023/0068/0561/files/732459d13d51e8a6fa80fd43c4be88504f099d776ba2244c3928e03eaa343346.jpg?v=1789094327,/Users/buiquanghuy/Documents/seo_chillgen/seo_runs/chillgen.com/chillgen_20260911_01/evidence/images/B005/personalized-classroom-welcome-rainbow-welcome-doormat/03_personalized-classroom-welcome-rainbow-welcome-doormat.jpg,db26d334fe83a40d5b9d6f405d73194b40d8d99fe9905311c44ffa1d5dcd72b3,VERIFIED,PUBLIC_PRODUCTS_JSON_HANDLE_MATCH_AFTER_ACTIVATION,Backing comparison panel for personalized rainbow classroom doormat,,Backing comparison panel for personalized rainbow classroom doormat,SET,67,NEEDS_REVIEW,R001,alt_current_unknown_from_public_json; verify media alt in Shopify Admin before deploy
B005,chillgen.com::personalized-classroom-welcome-rainbow-welcome-doormat,personalized-classroom-welcome-rainbow-welcome-doormat,16001043726705,gid://shopify/Product/16001043726705,B005-050-IMG04,4,GALLERY,https://cdn.shopify.com/s/files/1/1023/0068/0561/files/308c34a8907010b510a32f89280d339c7efe20b5a8ac57b0f4d5f522cab0347c.jpg?v=1789094327,/Users/buiquanghuy/Documents/seo_chillgen/seo_runs/chillgen.com/chillgen_20260911_01/evidence/images/B005/personalized-classroom-welcome-rainbow-welcome-doormat/04_personalized-classroom-welcome-rainbow-welcome-doormat.jpg,523ae1e00e928c794c3bae1751c88f32a5bbe97ab7d48f72ca7e0e4b2d3fe865,VERIFIED,PUBLIC_PRODUCTS_JSON_HANDLE_MATCH_AFTER_ACTIVATION,Size guide for personalized rainbow classroom doormat,,Size guide for personalized rainbow classroom doormat,SET,53,NEEDS_REVIEW,R001,alt_current_unknown_from_public_json; verify media alt in Shopify Admin before deploy
B005,chillgen.com::personalized-classroom-welcome-rainbow-welcome-doormat,personalized-classroom-welcome-rainbow-welcome-doormat,16001043726705,gid://shopify/Product/16001043726705,B005-050-IMG05,5,GALLERY,https://cdn.shopify.com/s/files/1/1023/0068/0561/files/5f58b4942dabcc5352114b92a24f9fb19d2d2d9f185cf3efaa131e3a7b5abb59.jpg?v=1789094327,/Users/buiquanghuy/Documents/seo_chillgen/seo_runs/chillgen.com/chillgen_20260911_01/evidence/images/B005/personalized-classroom-welcome-rainbow-welcome-doormat/05_personalized-classroom-welcome-rainbow-welcome-doormat.jpg,874f3dcc7bd9a508e8b6b51b0ce47d81649ba89efbf15f7e44680ea603309cfd,VERIFIED,PUBLIC_PRODUCTS_JSON_HANDLE_MATCH_AFTER_ACTIVATION,personalized rainbow classroom doormat styled near a sofa and fireplace,,personalized rainbow classroom doormat styled near a sofa and fireplace,SET,71,NEEDS_REVIEW,R001,alt_current_unknown_from_public_json; verify media alt in Shopify Admin before deploy
B005,chillgen.com::personalized-classroom-welcome-rainbow-welcome-doormat,personalized-classroom-welcome-rainbow-welcome-doormat,16001043726705,gid://shopify/Product/16001043726705,B005-050-IMG06,6,GALLERY,https://cdn.shopify.com/s/files/1/1023/0068/0561/files/3a9d9dc16e4308f1968da0f99d10ac8ebf0abf29217e792be1f3dc0486d64e06.jpg?v=1789094327,/Users/buiquanghuy/Documents/seo_chillgen/seo_runs/chillgen.com/chillgen_20260911_01/evidence/images/B005/personalized-classroom-welcome-rainbow-welcome-doormat/06_personalized-classroom-welcome-rainbow-welcome-doormat.jpg,11996f680ec8fa8b7e171301bf66c28fecb2931a41bba2ffdb47ce79f336d90b,VERIFIED,PUBLIC_PRODUCTS_JSON_HANDLE_MATCH_AFTER_ACTIVATION,personalized rainbow classroom doormat shown beside a bed or seating area,,personalized rainbow classroom doormat shown beside a bed or seating area,SET,73,NEEDS_REVIEW,R001,alt_current_unknown_from_public_json; verify media alt in Shopify Admin before deploy
