inventory_order,batch_id,product_key,Handle,title_discovery,url,identity_status,public_status,source_refs,image_count,research_status,review_status
31,B004,chillgen.com::personalized-checkered-flag-sport-area-rug-non-slip,personalized-checkered-flag-sport-area-rug-non-slip,"Personalized Checkered Flag Sport Area Rug, Non-Slip",https://chillgen.com/products/personalized-checkered-flag-sport-area-rug-non-slip,VERIFIED,PUBLIC_AVAILABLE,SRC01#records=186-192;PUBLIC_JSON:https://chillgen.com/products.json?limit=250&page=1,7,NOT_STARTED,NEEDS_REVIEW
32,B004,chillgen.com::personalized-emotion-chart-face-emojis-rug-machine-washable-wheel,personalized-emotion-chart-face-emojis-rug-machine-washable-wheel,"Personalized Emotion Chart Face Emojis Rug, Machine Washable - Wheel",https://chillgen.com/products/personalized-emotion-chart-face-emojis-rug-machine-washable-wheel,VERIFIED,PUBLIC_AVAILABLE,SRC01#records=193-198;PUBLIC_JSON:https://chillgen.com/products.json?limit=250&page=1,6,NOT_STARTED,NEEDS_REVIEW
33,B004,chillgen.com::personalized-colorful-emotion-wheel-chart-mat-non-slip,personalized-colorful-emotion-wheel-chart-mat-non-slip,"Personalized Colorful Emotion Wheel Chart Mat, Non Slip",https://chillgen.com/products/personalized-colorful-emotion-wheel-chart-mat-non-slip,VERIFIED,PUBLIC_AVAILABLE,SRC01#records=199-204;PUBLIC_JSON:https://chillgen.com/products.json?limit=250&page=1,6,NOT_STARTED,NEEDS_REVIEW
34,B004,chillgen.com::personalized-feeling-wheel-chart-rug-machine-washable,personalized-feeling-wheel-chart-rug-machine-washable,"Personalized Feeling Wheel Chart Rug, Machine Washable",https://chillgen.com/products/personalized-feeling-wheel-chart-rug-machine-washable,VERIFIED,PUBLIC_AVAILABLE,SRC01#records=205-210;PUBLIC_JSON:https://chillgen.com/products.json?limit=250&page=1,6,NOT_STARTED,NEEDS_REVIEW
35,B004,chillgen.com::personalized-feeling-wheel-composition-notebook-art-area-rug-non-slip,personalized-feeling-wheel-composition-notebook-art-area-rug-non-slip,"Personalized Feeling Wheel Composition Notebook Art Area Rug, Non Slip",https://chillgen.com/products/personalized-feeling-wheel-composition-notebook-art-area-rug-non-slip,VERIFIED,PUBLIC_AVAILABLE,SRC01#records=211-216;PUBLIC_JSON:https://chillgen.com/products.json?limit=250&page=1,6,NOT_STARTED,NEEDS_REVIEW
36,B004,chillgen.com::personalized-emotions-wheel-learning-rug-machine-washable,personalized-emotions-wheel-learning-rug-machine-washable,"Personalized Emotions Wheel Learning Rug, Machine Washable",https://chillgen.com/products/personalized-emotions-wheel-learning-rug-machine-washable,VERIFIED,PUBLIC_AVAILABLE,SRC01#records=217-222;PUBLIC_JSON:https://chillgen.com/products.json?limit=250&page=1,6,NOT_STARTED,NEEDS_REVIEW
37,B004,chillgen.com::personalized-religious-quote-with-family-name-doormat-entryway-decor,personalized-religious-quote-with-family-name-doormat-entryway-decor,"Personalized Religious Quote with Family Name Doormat, Entryway Decor",https://chillgen.com/products/personalized-religious-quote-with-family-name-doormat-entryway-decor,VERIFIED,PUBLIC_AVAILABLE,SRC01#records=223-234;PUBLIC_JSON:https://chillgen.com/products.json?limit=250&page=1,12,NOT_STARTED,NEEDS_REVIEW
38,B004,chillgen.com::personalized-nautical-anchor-with-rope-doormat-design-12,personalized-nautical-anchor-with-rope-doormat-design-12,Personalized Nautical Anchor with Rope Doormat - Design 12,https://chillgen.com/products/personalized-nautical-anchor-with-rope-doormat-design-12,VERIFIED,PUBLIC_AVAILABLE,SRC01#records=235-240;PUBLIC_JSON:https://chillgen.com/products.json?limit=250&page=1,6,NOT_STARTED,NEEDS_REVIEW
39,B004,chillgen.com::personalized-nautical-anchor-with-boat-name-doormat-nautical-15,personalized-nautical-anchor-with-boat-name-doormat-nautical-15,Personalized Nautical Anchor with Boat Name Doormat - Nautical 15,https://chillgen.com/products/personalized-nautical-anchor-with-boat-name-doormat-nautical-15,VERIFIED,PUBLIC_AVAILABLE,SRC01#records=241-246;PUBLIC_JSON:https://chillgen.com/products.json?limit=250&page=1,6,NOT_STARTED,NEEDS_REVIEW
40,B004,chillgen.com::personalized-nautical-compass-rose-with-boat-name-doormat,personalized-nautical-compass-rose-with-boat-name-doormat,Personalized Nautical Compass Rose with Boat Name Doormat,https://chillgen.com/products/personalized-nautical-compass-rose-with-boat-name-doormat,VERIFIED,PUBLIC_AVAILABLE,SRC01#records=247-252;PUBLIC_JSON:https://chillgen.com/products.json?limit=250&page=1,6,NOT_STARTED,NEEDS_REVIEW
