custom-dog-photo-rug-personalized-pet-portrait-area-mat-n-design-03	1	81309435560305	https://cdn.shopify.com/s/files/1/1023/0068/0561/files/675e42ec07eccc1302258db5cb46efe9b4339917743e5ad814e54344b793015e.jpg?v=1787263758	seo_runs/chillgen.com/chillgen_20260907_01/evidence/images/B001/01_custom-dog-photo-rug-personalized-pet-portrait-area-mat-n-design-03_img_01.jpg
custom-dog-photo-rug-personalized-pet-portrait-area-mat-n-design-03	2	81309435593073	https://cdn.shopify.com/s/files/1/1023/0068/0561/files/9329871679c1c43e8b9dd228aee43c1b0b93bbabb6916464ee58b68e10fa66ac.jpg?v=1787263758	seo_runs/chillgen.com/chillgen_20260907_01/evidence/images/B001/01_custom-dog-photo-rug-personalized-pet-portrait-area-mat-n-design-03_img_02.jpg
custom-dog-photo-rug-personalized-pet-portrait-area-mat-n-design-03	3	81309435625841	https://cdn.shopify.com/s/files/1/1023/0068/0561/files/de07495017425f8b9549c2a9986134a518e6705c352b22be0faa462f8fdb6e4b.jpg?v=1787263758	seo_runs/chillgen.com/chillgen_20260907_01/evidence/images/B001/01_custom-dog-photo-rug-personalized-pet-portrait-area-mat-n-design-03_img_03.jpg
custom-dog-photo-rug-personalized-pet-portrait-area-mat-n-design-03	4	81309435658609	https://cdn.shopify.com/s/files/1/1023/0068/0561/files/c8d8a655fd799e9ce9a58cadacec5bf9b2b68120468fd869052646b5dbe7b89f.jpg?v=1787263758	seo_runs/chillgen.com/chillgen_20260907_01/evidence/images/B001/01_custom-dog-photo-rug-personalized-pet-portrait-area-mat-n-design-03_img_04.jpg
custom-dog-photo-rug-personalized-pet-portrait-area-mat-n-design-03	5	81309435691377	https://cdn.shopify.com/s/files/1/1023/0068/0561/files/c3e32564276266452eb833cd9bf66f208d666e37b45269a23add7991261f868c.jpg?v=1787263759	seo_runs/chillgen.com/chillgen_20260907_01/evidence/images/B001/01_custom-dog-photo-rug-personalized-pet-portrait-area-mat-n-design-03_img_05.jpg
custom-dog-photo-rug-personalized-pet-portrait-area-mat-n-design-03	6	81309435724145	https://cdn.shopify.com/s/files/1/1023/0068/0561/files/f3244489b849f5f69ac01710d568233681d4dc69b43ad44ebf143fe9e7cbe257.jpg?v=1787263758	seo_runs/chillgen.com/chillgen_20260907_01/evidence/images/B001/01_custom-dog-photo-rug-personalized-pet-portrait-area-mat-n-design-03_img_06.jpg
custom-dog-photo-rug-personalized-pet-portrait-area-mat-n-design-03	7	81309435756913	https://cdn.shopify.com/s/files/1/1023/0068/0561/files/eba51f60fd567b55c38c777723864d51c0ed89c28e4b2218e775af02aa474517.jpg?v=1787263758	seo_runs/chillgen.com/chillgen_20260907_01/evidence/images/B001/01_custom-dog-photo-rug-personalized-pet-portrait-area-mat-n-design-03_img_07.jpg
custom-dog-photo-rug-personalized-pet-portrait-area-mat-n-design-03	8	81309435789681	https://cdn.shopify.com/s/files/1/1023/0068/0561/files/820600a9e00523574dde1138756d53182d4089f88051fb9c09ac193f2c13fad1.jpg?v=1787263758	seo_runs/chillgen.com/chillgen_20260907_01/evidence/images/B001/01_custom-dog-photo-rug-personalized-pet-portrait-area-mat-n-design-03_img_08.jpg
custom-dog-photo-rug-personalized-pet-portrait-area-mat-n-design-03	9	81309435822449	https://cdn.shopify.com/s/files/1/1023/0068/0561/files/5d44cb0d1866e64f99e44547227b9332a08f70d8c32ffce5fcf8619ea777eaeb.jpg?v=1787263758	seo_runs/chillgen.com/chillgen_20260907_01/evidence/images/B001/01_custom-dog-photo-rug-personalized-pet-portrait-area-mat-n-design-03_img_09.jpg
custom-dog-photo-rug-personalized-pet-portrait-area-mat-n-design-02	1	81309432283505	https://cdn.shopify.com/s/files/1/1023/0068/0561/files/4b4cda8e70a04a1120cb3c4dde245f1b6606cacb046db132c4ef4c7b2e89537d.jpg?v=1787263617	seo_runs/chillgen.com/chillgen_20260907_01/evidence/images/B001/02_custom-dog-photo-rug-personalized-pet-portrait-area-mat-n-design-02_img_01.jpg
custom-dog-photo-rug-personalized-pet-portrait-area-mat-n-design-02	2	81309432316273	https://cdn.shopify.com/s/files/1/1023/0068/0561/files/b29ff1c5ffc3f3e658989a38fd3745a22e2d6170a1124b1efc6e5ab9dc704786.jpg?v=1787263617	seo_runs/chillgen.com/chillgen_20260907_01/evidence/images/B001/02_custom-dog-photo-rug-personalized-pet-portrait-area-mat-n-design-02_img_02.jpg
custom-dog-photo-rug-personalized-pet-portrait-area-mat-n-design-02	3	81309432349041	https://cdn.shopify.com/s/files/1/1023/0068/0561/files/d8b9e74447b44172ed95ac68cce2cc2ebfb35ecd94b69d03869a2c0b97a5b9eb.jpg?v=1787263617	seo_runs/chillgen.com/chillgen_20260907_01/evidence/images/B001/02_custom-dog-photo-rug-personalized-pet-portrait-area-mat-n-design-02_img_03.jpg
custom-dog-photo-rug-personalized-pet-portrait-area-mat-n-design-02	4	81309432381809	https://cdn.shopify.com/s/files/1/1023/0068/0561/files/6e00b48948a04cfde8fb8b6fd63a1d82d8ab1d3ae3429552e430db4f99b9b935.jpg?v=1787263617	seo_runs/chillgen.com/chillgen_20260907_01/evidence/images/B001/02_custom-dog-photo-rug-personalized-pet-portrait-area-mat-n-design-02_img_04.jpg
custom-dog-photo-rug-personalized-pet-portrait-area-mat-n-design-02	5	81309432414577	https://cdn.shopify.com/s/files/1/1023/0068/0561/files/24dff748dcf23293c8a3d102506e278fa4f4dac3b05062517b15c7e69041778a.jpg?v=1787263617	seo_runs/chillgen.com/chillgen_20260907_01/evidence/images/B001/02_custom-dog-photo-rug-personalized-pet-portrait-area-mat-n-design-02_img_05.jpg
custom-dog-photo-rug-personalized-pet-portrait-area-mat-n-design-02	6	81309432447345	https://cdn.shopify.com/s/files/1/1023/0068/0561/files/efffad1e708a5fe744a1d8193fae275f39978bba6a5a29a252fb8026f9ff97fc.jpg?v=1787263617	seo_runs/chillgen.com/chillgen_20260907_01/evidence/images/B001/02_custom-dog-photo-rug-personalized-pet-portrait-area-mat-n-design-02_img_06.jpg
custom-dog-photo-rug-personalized-pet-portrait-area-mat-n-design-02	7	81309432480113	https://cdn.shopify.com/s/files/1/1023/0068/0561/files/8550b1fb297fc6f3ebe574c8bcf62cd9ccb80590eb8f2eca5031686dd9600cd3.jpg?v=1787263617	seo_runs/chillgen.com/chillgen_20260907_01/evidence/images/B001/02_custom-dog-photo-rug-personalized-pet-portrait-area-mat-n-design-02_img_07.jpg
custom-dog-photo-rug-personalized-pet-portrait-area-mat-n-design-02	8	81309432512881	https://cdn.shopify.com/s/files/1/1023/0068/0561/files/b2127daa990a85e80169ee546290b8ff39796b0cabe8b26d92789234930a6334.jpg?v=1787263617	seo_runs/chillgen.com/chillgen_20260907_01/evidence/images/B001/02_custom-dog-photo-rug-personalized-pet-portrait-area-mat-n-design-02_img_08.jpg
custom-dog-photo-rug-personalized-pet-portrait-area-mat-n-design-02	9	81309432545649	https://cdn.shopify.com/s/files/1/1023/0068/0561/files/2425606143f098bef03bb99ef290e5393081f41e0a520c6bb85f05d68be235b6.jpg?v=1787263617	seo_runs/chillgen.com/chillgen_20260907_01/evidence/images/B001/02_custom-dog-photo-rug-personalized-pet-portrait-area-mat-n-design-02_img_09.jpg
custom-dog-photo-rug-personalized-pet-portrait-area-mat-n-design-01	1	81309429629297	https://cdn.shopify.com/s/files/1/1023/0068/0561/files/c8788a9056d30b57c692c1139564f0008bb37a369cc7c9c72910411d8009b19c.jpg?v=1787263504	seo_runs/chillgen.com/chillgen_20260907_01/evidence/images/B001/03_custom-dog-photo-rug-personalized-pet-portrait-area-mat-n-design-01_img_01.jpg
custom-dog-photo-rug-personalized-pet-portrait-area-mat-n-design-01	2	81309429662065	https://cdn.shopify.com/s/files/1/1023/0068/0561/files/5ffde8a51312031efb42a2557ab460bfaef83af64961383afcb2cbc2c62b0fb7.jpg?v=1787263504	seo_runs/chillgen.com/chillgen_20260907_01/evidence/images/B001/03_custom-dog-photo-rug-personalized-pet-portrait-area-mat-n-design-01_img_02.jpg
custom-dog-photo-rug-personalized-pet-portrait-area-mat-n-design-01	3	81309429694833	https://cdn.shopify.com/s/files/1/1023/0068/0561/files/6b568dea835646e9a855a43804485a9d616066b72ce8af487356281d331a16fe.jpg?v=1787263504	seo_runs/chillgen.com/chillgen_20260907_01/evidence/images/B001/03_custom-dog-photo-rug-personalized-pet-portrait-area-mat-n-design-01_img_03.jpg
custom-dog-photo-rug-personalized-pet-portrait-area-mat-n-design-01	4	81309429727601	https://cdn.shopify.com/s/files/1/1023/0068/0561/files/dab308ac8b0630cc248c7f619a6ae06d613628bb4d91e1e6258e86bb8e20b27f.jpg?v=1787263504	seo_runs/chillgen.com/chillgen_20260907_01/evidence/images/B001/03_custom-dog-photo-rug-personalized-pet-portrait-area-mat-n-design-01_img_04.jpg
custom-dog-photo-rug-personalized-pet-portrait-area-mat-n-design-01	5	81309429760369	https://cdn.shopify.com/s/files/1/1023/0068/0561/files/88aaf5bc40b395ea5808ad80873c9384629f079b2128bcbc3a91f448704c427e.jpg?v=1787263504	seo_runs/chillgen.com/chillgen_20260907_01/evidence/images/B001/03_custom-dog-photo-rug-personalized-pet-portrait-area-mat-n-design-01_img_05.jpg
custom-dog-photo-rug-personalized-pet-portrait-area-mat-n-design-01	6	81309429793137	https://cdn.shopify.com/s/files/1/1023/0068/0561/files/371acbad4fce151aba098de657e4dca0fbb19af8d15b4b66f259dae6b91ed95d.jpg?v=1787263504	seo_runs/chillgen.com/chillgen_20260907_01/evidence/images/B001/03_custom-dog-photo-rug-personalized-pet-portrait-area-mat-n-design-01_img_06.jpg
custom-dog-photo-rug-personalized-pet-portrait-area-mat-n-design-01	7	81309429825905	https://cdn.shopify.com/s/files/1/1023/0068/0561/files/27a9e898b84a8bf81be27ca78e0eba13322a5e5b2852608e6fa329bfd79c4d48.jpg?v=1787263504	seo_runs/chillgen.com/chillgen_20260907_01/evidence/images/B001/03_custom-dog-photo-rug-personalized-pet-portrait-area-mat-n-design-01_img_07.jpg
custom-dog-photo-rug-personalized-pet-portrait-area-mat-n-design-01	8	81309429858673	https://cdn.shopify.com/s/files/1/1023/0068/0561/files/c333195a83dabe67dc1f02b36edf5606b55990666242a669214bda7ba6af6a55.jpg?v=1787263504	seo_runs/chillgen.com/chillgen_20260907_01/evidence/images/B001/03_custom-dog-photo-rug-personalized-pet-portrait-area-mat-n-design-01_img_08.jpg
custom-dog-photo-rug-personalized-pet-portrait-area-mat-n-design-01	9	81309429891441	https://cdn.shopify.com/s/files/1/1023/0068/0561/files/5887e86fa666b4c3fa8042ea8d799b365aa763817a6c9d850c6b0feeae4edb63.jpg?v=1787263504	seo_runs/chillgen.com/chillgen_20260907_01/evidence/images/B001/03_custom-dog-photo-rug-personalized-pet-portrait-area-mat-n-design-01_img_09.jpg
custom-dog-photo-rug-personalized-pet-portrait-area-mat-non-slip	1	81309426811249	https://cdn.shopify.com/s/files/1/1023/0068/0561/files/f57d5c201ac1561d0def15dce9d4261c881f8157c99362373b7d5d49e03a91d0.jpg?v=1787263395	seo_runs/chillgen.com/chillgen_20260907_01/evidence/images/B001/04_custom-dog-photo-rug-personalized-pet-portrait-area-mat-non-slip_img_01.jpg
custom-dog-photo-rug-personalized-pet-portrait-area-mat-non-slip	2	81309426844017	https://cdn.shopify.com/s/files/1/1023/0068/0561/files/4fa364cb75ca1a3d7c3d45a907ea841a5cd01c95d336fff5721bacfa2f3005f3.jpg?v=1787263395	seo_runs/chillgen.com/chillgen_20260907_01/evidence/images/B001/04_custom-dog-photo-rug-personalized-pet-portrait-area-mat-non-slip_img_02.jpg
custom-dog-photo-rug-personalized-pet-portrait-area-mat-non-slip	3	81309426876785	https://cdn.shopify.com/s/files/1/1023/0068/0561/files/8d60d212fde1319325da0625199a15367b7ea97334df3f4010083378a7f86dee.jpg?v=1787263395	seo_runs/chillgen.com/chillgen_20260907_01/evidence/images/B001/04_custom-dog-photo-rug-personalized-pet-portrait-area-mat-non-slip_img_03.jpg
custom-dog-photo-rug-personalized-pet-portrait-area-mat-non-slip	4	81309426909553	https://cdn.shopify.com/s/files/1/1023/0068/0561/files/f1f5ed6887a180513efb7a9b3f50005c9f10ffd11b158ed8176e1f26f7709163.jpg?v=1787263395	seo_runs/chillgen.com/chillgen_20260907_01/evidence/images/B001/04_custom-dog-photo-rug-personalized-pet-portrait-area-mat-non-slip_img_04.jpg
custom-dog-photo-rug-personalized-pet-portrait-area-mat-non-slip	5	81309426942321	https://cdn.shopify.com/s/files/1/1023/0068/0561/files/e751cdae72771fb91736511b5019123dd8bad592ae8536c50c46887d9dc3f1b0.jpg?v=1787263396	seo_runs/chillgen.com/chillgen_20260907_01/evidence/images/B001/04_custom-dog-photo-rug-personalized-pet-portrait-area-mat-non-slip_img_05.jpg
custom-dog-photo-rug-personalized-pet-portrait-area-mat-non-slip	6	81309426975089	https://cdn.shopify.com/s/files/1/1023/0068/0561/files/724f2e0e59a201d91b601d59c1358d6584455a093377489c1059fb6069509ae5.jpg?v=1787263395	seo_runs/chillgen.com/chillgen_20260907_01/evidence/images/B001/04_custom-dog-photo-rug-personalized-pet-portrait-area-mat-non-slip_img_06.jpg
custom-dog-photo-rug-personalized-pet-portrait-area-mat-non-slip	7	81309427007857	https://cdn.shopify.com/s/files/1/1023/0068/0561/files/b99ccf812de461cda5ec8566817c9e5b591e1afcd14a5f36423fadf26d595bff.jpg?v=1787263395	seo_runs/chillgen.com/chillgen_20260907_01/evidence/images/B001/04_custom-dog-photo-rug-personalized-pet-portrait-area-mat-non-slip_img_07.jpg
custom-dog-photo-rug-personalized-pet-portrait-area-mat-non-slip	8	81309427040625	https://cdn.shopify.com/s/files/1/1023/0068/0561/files/47352225e106ce831b7de65e2666b6153d7ac8d1bae8724294d11dd2001dd676.jpg?v=1787263395	seo_runs/chillgen.com/chillgen_20260907_01/evidence/images/B001/04_custom-dog-photo-rug-personalized-pet-portrait-area-mat-non-slip_img_08.jpg
custom-dog-photo-rug-personalized-pet-portrait-area-mat-non-slip	9	81309427073393	https://cdn.shopify.com/s/files/1/1023/0068/0561/files/89b5e30ceefec83f6c4dabde5fbf98df4eff9b47417e659e966a500772e8f420.jpg?v=1787263395	seo_runs/chillgen.com/chillgen_20260907_01/evidence/images/B001/04_custom-dog-photo-rug-personalized-pet-portrait-area-mat-non-slip_img_09.jpg
personalized-halloween-3d-optical-illusion-shaped-rug-a0-design-102	1	81309361537393	https://cdn.shopify.com/s/files/1/1023/0068/0561/files/77dabb42327d49bccf7aa53ee934920f4d24df924a5eb683612d48ba76759045.jpg?v=1787261877	seo_runs/chillgen.com/chillgen_20260907_01/evidence/images/B001/05_personalized-halloween-3d-optical-illusion-shaped-rug-a0-design-102_img_01.jpg
personalized-halloween-3d-optical-illusion-shaped-rug-a0-design-102	2	81309361570161	https://cdn.shopify.com/s/files/1/1023/0068/0561/files/1e34c7f3a5f8290d1755f5aac73b8b9233813189d7ba1875e1f28a61d1f62ee8.jpg?v=1787261877	seo_runs/chillgen.com/chillgen_20260907_01/evidence/images/B001/05_personalized-halloween-3d-optical-illusion-shaped-rug-a0-design-102_img_02.jpg
personalized-halloween-3d-optical-illusion-shaped-rug-a0-design-102	3	81309361602929	https://cdn.shopify.com/s/files/1/1023/0068/0561/files/1f0384598196fde906c0b59a52bdd647e83469c22020a4d50abf5047e5c10b13.jpg?v=1787261877	seo_runs/chillgen.com/chillgen_20260907_01/evidence/images/B001/05_personalized-halloween-3d-optical-illusion-shaped-rug-a0-design-102_img_03.jpg
personalized-halloween-3d-optical-illusion-shaped-rug-a0-design-102	4	81309361635697	https://cdn.shopify.com/s/files/1/1023/0068/0561/files/dbc2277389197811dba43c8540fc1a46fcf364eb5635cb2b114b5f0d59d5f8d2.jpg?v=1787261877	seo_runs/chillgen.com/chillgen_20260907_01/evidence/images/B001/05_personalized-halloween-3d-optical-illusion-shaped-rug-a0-design-102_img_04.jpg
personalized-halloween-3d-optical-illusion-shaped-rug-a0-design-102	5	81309361668465	https://cdn.shopify.com/s/files/1/1023/0068/0561/files/a070a41bdc3a8e368d6aee5dc3540213e0f7b1c9cdfd3da8b26b1814f8efd156.jpg?v=1787261877	seo_runs/chillgen.com/chillgen_20260907_01/evidence/images/B001/05_personalized-halloween-3d-optical-illusion-shaped-rug-a0-design-102_img_05.jpg
personalized-halloween-3d-optical-illusion-shaped-rug-a0-design-102	6	81309361701233	https://cdn.shopify.com/s/files/1/1023/0068/0561/files/4704f87963b14ec104d16f593d46144365fa0b2594f09c13d5bcd31e3d023e1e.jpg?v=1787261877	seo_runs/chillgen.com/chillgen_20260907_01/evidence/images/B001/05_personalized-halloween-3d-optical-illusion-shaped-rug-a0-design-102_img_06.jpg
personalized-halloween-3d-optical-illusion-shaped-rug-a0-design-102	7	81309361734001	https://cdn.shopify.com/s/files/1/1023/0068/0561/files/c4a4cd42f4a6cf61f426a059151d21314b963a221e244837721fe6c7e0dbdb08.jpg?v=1787261877	seo_runs/chillgen.com/chillgen_20260907_01/evidence/images/B001/05_personalized-halloween-3d-optical-illusion-shaped-rug-a0-design-102_img_07.jpg
personalized-halloween-3d-optical-illusion-shaped-rug-a0-design-101	1	81309356491121	https://cdn.shopify.com/s/files/1/1023/0068/0561/files/91d1893b4075de2e982c7c2e8bb31fe360bf8aa555b1b71786ea871d9d779edf.jpg?v=1787261865	seo_runs/chillgen.com/chillgen_20260907_01/evidence/images/B001/06_personalized-halloween-3d-optical-illusion-shaped-rug-a0-design-101_img_01.jpg
personalized-halloween-3d-optical-illusion-shaped-rug-a0-design-101	2	81309356523889	https://cdn.shopify.com/s/files/1/1023/0068/0561/files/679a9778e381a01effeccffebd454db00a0a576a0bc53b28fd3319d5f8ed45b3.jpg?v=1787261865	seo_runs/chillgen.com/chillgen_20260907_01/evidence/images/B001/06_personalized-halloween-3d-optical-illusion-shaped-rug-a0-design-101_img_02.jpg
personalized-halloween-3d-optical-illusion-shaped-rug-a0-design-101	3	81309356556657	https://cdn.shopify.com/s/files/1/1023/0068/0561/files/48da35725e1801d5cd614add9d93c12ee16ab8bc26abcdf336aadc77b655b610.jpg?v=1787261865	seo_runs/chillgen.com/chillgen_20260907_01/evidence/images/B001/06_personalized-halloween-3d-optical-illusion-shaped-rug-a0-design-101_img_03.jpg
personalized-halloween-3d-optical-illusion-shaped-rug-a0-design-101	4	81309356589425	https://cdn.shopify.com/s/files/1/1023/0068/0561/files/dc64c7d967df716329a4bf53b23082719a9407f46aa9383bd13d98b17d488497.jpg?v=1787261865	seo_runs/chillgen.com/chillgen_20260907_01/evidence/images/B001/06_personalized-halloween-3d-optical-illusion-shaped-rug-a0-design-101_img_04.jpg
personalized-halloween-3d-optical-illusion-shaped-rug-a0-design-101	5	81309356622193	https://cdn.shopify.com/s/files/1/1023/0068/0561/files/773ad8d20a4ffc027ac08118c5dba143ea7c18e68bca09932217793e162aeb59.jpg?v=1787261865	seo_runs/chillgen.com/chillgen_20260907_01/evidence/images/B001/06_personalized-halloween-3d-optical-illusion-shaped-rug-a0-design-101_img_05.jpg
personalized-halloween-3d-optical-illusion-shaped-rug-a0-design-101	6	81309356654961	https://cdn.shopify.com/s/files/1/1023/0068/0561/files/4bf5a8fdab4ed8405cff09ab7a04fde54ab22c30f4f975b8274e340e48fe84d0.jpg?v=1787261865	seo_runs/chillgen.com/chillgen_20260907_01/evidence/images/B001/06_personalized-halloween-3d-optical-illusion-shaped-rug-a0-design-101_img_06.jpg
personalized-halloween-3d-optical-illusion-shaped-rug-a0-design-101	7	81309356687729	https://cdn.shopify.com/s/files/1/1023/0068/0561/files/e66e812306c7dc3716cc3c81ff1edc83df13cd99d5da405a1978bbbd3e2212f9.jpg?v=1787261865	seo_runs/chillgen.com/chillgen_20260907_01/evidence/images/B001/06_personalized-halloween-3d-optical-illusion-shaped-rug-a0-design-101_img_07.jpg
personalized-halloween-3d-optical-illusion-shaped-rug-a0-design-100	1	81309353214321	https://cdn.shopify.com/s/files/1/1023/0068/0561/files/d922bf5f23cf706fc59bb6a1d97da0c4676f68928874933cbda3ea2d81cf36de.jpg?v=1787261856	seo_runs/chillgen.com/chillgen_20260907_01/evidence/images/B001/07_personalized-halloween-3d-optical-illusion-shaped-rug-a0-design-100_img_01.jpg
personalized-halloween-3d-optical-illusion-shaped-rug-a0-design-100	2	81309353247089	https://cdn.shopify.com/s/files/1/1023/0068/0561/files/539e80d2d34220ddbd0ac893f11655c19d8af5165541d4b03bf8e4fcbd0511f1.jpg?v=1787261856	seo_runs/chillgen.com/chillgen_20260907_01/evidence/images/B001/07_personalized-halloween-3d-optical-illusion-shaped-rug-a0-design-100_img_02.jpg
personalized-halloween-3d-optical-illusion-shaped-rug-a0-design-100	3	81309353279857	https://cdn.shopify.com/s/files/1/1023/0068/0561/files/d055d37f619dcacc426d683c862dc8069316e16e0027e132dd5f0c464cf3bcad.jpg?v=1787261856	seo_runs/chillgen.com/chillgen_20260907_01/evidence/images/B001/07_personalized-halloween-3d-optical-illusion-shaped-rug-a0-design-100_img_03.jpg
personalized-halloween-3d-optical-illusion-shaped-rug-a0-design-100	4	81309353312625	https://cdn.shopify.com/s/files/1/1023/0068/0561/files/387687044e625259bf4040ec8809688410a24bf629bb3b094b312551d0703344.jpg?v=1787261856	seo_runs/chillgen.com/chillgen_20260907_01/evidence/images/B001/07_personalized-halloween-3d-optical-illusion-shaped-rug-a0-design-100_img_04.jpg
personalized-halloween-3d-optical-illusion-shaped-rug-a0-design-100	5	81309353345393	https://cdn.shopify.com/s/files/1/1023/0068/0561/files/c5be82331496100d92bfd20a112ffafdeefea558b894b6657dce173a82b1fc74.jpg?v=1787261856	seo_runs/chillgen.com/chillgen_20260907_01/evidence/images/B001/07_personalized-halloween-3d-optical-illusion-shaped-rug-a0-design-100_img_05.jpg
personalized-halloween-3d-optical-illusion-shaped-rug-a0-design-100	6	81309353378161	https://cdn.shopify.com/s/files/1/1023/0068/0561/files/bb98b9d8b39877298b3ca1b185d1dab242c96d31f21da7e207472578db506d16.jpg?v=1787261856	seo_runs/chillgen.com/chillgen_20260907_01/evidence/images/B001/07_personalized-halloween-3d-optical-illusion-shaped-rug-a0-design-100_img_06.jpg
personalized-halloween-3d-optical-illusion-shaped-rug-a0-design-100	7	81309353410929	https://cdn.shopify.com/s/files/1/1023/0068/0561/files/e5b7457ad6ac86ad5a592d3764ea57234bbed3b1fb907cf5fc226f02ea55a8b3.jpg?v=1787261856	seo_runs/chillgen.com/chillgen_20260907_01/evidence/images/B001/07_personalized-halloween-3d-optical-illusion-shaped-rug-a0-design-100_img_07.jpg
personalized-halloween-3d-optical-illusion-shaped-rug-a04-a04	1	81309350363505	https://cdn.shopify.com/s/files/1/1023/0068/0561/files/26508694936ec16c201f2d0ef2fd5bc0c5d32e99f1cb2d3cef7b0a2521af5915.jpg?v=1787261845	seo_runs/chillgen.com/chillgen_20260907_01/evidence/images/B001/08_personalized-halloween-3d-optical-illusion-shaped-rug-a04-a04_img_01.jpg
personalized-halloween-3d-optical-illusion-shaped-rug-a04-a04	2	81309350396273	https://cdn.shopify.com/s/files/1/1023/0068/0561/files/194900fdf6c17b187996444995a883651744a8427b3e172c4ce4530f44a0acea.jpg?v=1787261845	seo_runs/chillgen.com/chillgen_20260907_01/evidence/images/B001/08_personalized-halloween-3d-optical-illusion-shaped-rug-a04-a04_img_02.jpg
personalized-halloween-3d-optical-illusion-shaped-rug-a04-a04	3	81309350429041	https://cdn.shopify.com/s/files/1/1023/0068/0561/files/2c9f8fa62148004e4f1882202e92267371dd6b85a0b22beb562d6750bd92cfc5.jpg?v=1787261845	seo_runs/chillgen.com/chillgen_20260907_01/evidence/images/B001/08_personalized-halloween-3d-optical-illusion-shaped-rug-a04-a04_img_03.jpg
personalized-halloween-3d-optical-illusion-shaped-rug-a04-a04	4	81309350461809	https://cdn.shopify.com/s/files/1/1023/0068/0561/files/b984088bde51360a351f78d40d18fca59e7085ed5a0d7769236b3a7b7ef9c536.jpg?v=1787261845	seo_runs/chillgen.com/chillgen_20260907_01/evidence/images/B001/08_personalized-halloween-3d-optical-illusion-shaped-rug-a04-a04_img_04.jpg
personalized-halloween-3d-optical-illusion-shaped-rug-a04-a04	5	81309350494577	https://cdn.shopify.com/s/files/1/1023/0068/0561/files/3500df955416a90a23e16f5d55e9e383492cd0af9ad14aa801ccd51a843117fc.jpg?v=1787261845	seo_runs/chillgen.com/chillgen_20260907_01/evidence/images/B001/08_personalized-halloween-3d-optical-illusion-shaped-rug-a04-a04_img_05.jpg
personalized-halloween-3d-optical-illusion-shaped-rug-a04-a04	6	81309350527345	https://cdn.shopify.com/s/files/1/1023/0068/0561/files/614d5e5408536eb31a9916e17c8f51824098ec826e1a0ce3a98a527441262fef.jpg?v=1787261845	seo_runs/chillgen.com/chillgen_20260907_01/evidence/images/B001/08_personalized-halloween-3d-optical-illusion-shaped-rug-a04-a04_img_06.jpg
personalized-halloween-3d-optical-illusion-shaped-rug-a04-a04	7	81309350560113	https://cdn.shopify.com/s/files/1/1023/0068/0561/files/16c69e5c3621f77cd2a7480e115da32cfb3c3f39d70cbc77f56ff7fcba805206.jpg?v=1787261845	seo_runs/chillgen.com/chillgen_20260907_01/evidence/images/B001/08_personalized-halloween-3d-optical-illusion-shaped-rug-a04-a04_img_07.jpg
custom-halloween-3d-effect-optical-illusion-spooky-round-rug-d9-d9	1	81309073342833	https://cdn.shopify.com/s/files/1/1023/0068/0561/files/6e051ca126940cacb27d144554c88d26ab7cf7e954fc30c261c0e0dd5acfdeea.jpg?v=1787260187	seo_runs/chillgen.com/chillgen_20260907_01/evidence/images/B001/09_custom-halloween-3d-effect-optical-illusion-spooky-round-rug-d9-d9_img_01.jpg
custom-halloween-3d-effect-optical-illusion-spooky-round-rug-d9-d9	2	81309073375601	https://cdn.shopify.com/s/files/1/1023/0068/0561/files/728fd87d686baf6bc68d13b2b36731aa691449adfc4d4c249b298518f1985090.jpg?v=1787260187	seo_runs/chillgen.com/chillgen_20260907_01/evidence/images/B001/09_custom-halloween-3d-effect-optical-illusion-spooky-round-rug-d9-d9_img_02.jpg
custom-halloween-3d-effect-optical-illusion-spooky-round-rug-d9-d9	3	81309073408369	https://cdn.shopify.com/s/files/1/1023/0068/0561/files/36322734527b7c0812df4c63fae8caa63d2033ef33bfa364eb01427387517c2b.jpg?v=1787260187	seo_runs/chillgen.com/chillgen_20260907_01/evidence/images/B001/09_custom-halloween-3d-effect-optical-illusion-spooky-round-rug-d9-d9_img_03.jpg
custom-halloween-3d-effect-optical-illusion-spooky-round-rug-d9-d9	4	81309073441137	https://cdn.shopify.com/s/files/1/1023/0068/0561/files/29e6673954c3a615c8e314c730f6456313c21d19e2b2879503489f49cd368e04.jpg?v=1787260187	seo_runs/chillgen.com/chillgen_20260907_01/evidence/images/B001/09_custom-halloween-3d-effect-optical-illusion-spooky-round-rug-d9-d9_img_04.jpg
custom-halloween-3d-effect-optical-illusion-spooky-round-rug-d9-d9	5	81309073473905	https://cdn.shopify.com/s/files/1/1023/0068/0561/files/6c90c67dc72d116c21b727397a64b0ea3d1d14b1cb052fc5f9cf5e88870bbcc5.jpg?v=1787260187	seo_runs/chillgen.com/chillgen_20260907_01/evidence/images/B001/09_custom-halloween-3d-effect-optical-illusion-spooky-round-rug-d9-d9_img_05.jpg
custom-halloween-3d-effect-optical-illusion-spooky-round-rug-d9-d9	6	81309073506673	https://cdn.shopify.com/s/files/1/1023/0068/0561/files/4bbf8662f935cb124aa71c0a34f77f2fb9005cf4684c30f3f5fac867a0508b56.jpg?v=1787260186	seo_runs/chillgen.com/chillgen_20260907_01/evidence/images/B001/09_custom-halloween-3d-effect-optical-illusion-spooky-round-rug-d9-d9_img_06.jpg
custom-halloween-3d-effect-optical-illusion-spooky-round-rug-d9-d9	7	81309073539441	https://cdn.shopify.com/s/files/1/1023/0068/0561/files/f3f26957d99ecdf1160dfbcdbe6bae7119541efaf720f2ec33bb66e9642f0f76.jpg?v=1787260187	seo_runs/chillgen.com/chillgen_20260907_01/evidence/images/B001/09_custom-halloween-3d-effect-optical-illusion-spooky-round-rug-d9-d9_img_07.jpg
custom-halloween-3d-effect-optical-illusion-spooky-round-rug-d9-d9	8	81309073572209	https://cdn.shopify.com/s/files/1/1023/0068/0561/files/d09c2b29910c9ed29afb19169ecfd2471a0e0fe3cc68d6a168503f7e6c2881a5.jpg?v=1787260187	seo_runs/chillgen.com/chillgen_20260907_01/evidence/images/B001/09_custom-halloween-3d-effect-optical-illusion-spooky-round-rug-d9-d9_img_08.jpg
custom-halloween-3d-effect-optical-illusion-spooky-round-r-design-06	1	81309069246833	https://cdn.shopify.com/s/files/1/1023/0068/0561/files/c084337b849219b5a70dc5c1af773025f9ec00940b2573607a4e1349ee2e2fb2.jpg?v=1787260172	seo_runs/chillgen.com/chillgen_20260907_01/evidence/images/B001/10_custom-halloween-3d-effect-optical-illusion-spooky-round-r-design-06_img_01.jpg
custom-halloween-3d-effect-optical-illusion-spooky-round-r-design-06	2	81309069279601	https://cdn.shopify.com/s/files/1/1023/0068/0561/files/2cc96979b3d98ede126001c3717ecf127fffa6d0912c8171c645e12456adc6d3.jpg?v=1787260172	seo_runs/chillgen.com/chillgen_20260907_01/evidence/images/B001/10_custom-halloween-3d-effect-optical-illusion-spooky-round-r-design-06_img_02.jpg
custom-halloween-3d-effect-optical-illusion-spooky-round-r-design-06	3	81309069312369	https://cdn.shopify.com/s/files/1/1023/0068/0561/files/799bd341393122e44004652bd8423b2d1853e11519a13fac54a42359eb8ebb61.jpg?v=1787260172	seo_runs/chillgen.com/chillgen_20260907_01/evidence/images/B001/10_custom-halloween-3d-effect-optical-illusion-spooky-round-r-design-06_img_03.jpg
custom-halloween-3d-effect-optical-illusion-spooky-round-r-design-06	4	81309069345137	https://cdn.shopify.com/s/files/1/1023/0068/0561/files/5b27d1fa4ed4f757c3a2e44065619da358e86b307e97829b41b5d33f0b36e958.jpg?v=1787260172	seo_runs/chillgen.com/chillgen_20260907_01/evidence/images/B001/10_custom-halloween-3d-effect-optical-illusion-spooky-round-r-design-06_img_04.jpg
custom-halloween-3d-effect-optical-illusion-spooky-round-r-design-06	5	81309069377905	https://cdn.shopify.com/s/files/1/1023/0068/0561/files/18faa0a7f6173e5d6a9f450884228a4d29bd7247a8eb95ecb9dd77f28a661336.jpg?v=1787260172	seo_runs/chillgen.com/chillgen_20260907_01/evidence/images/B001/10_custom-halloween-3d-effect-optical-illusion-spooky-round-r-design-06_img_05.jpg
custom-halloween-3d-effect-optical-illusion-spooky-round-r-design-06	6	81309069410673	https://cdn.shopify.com/s/files/1/1023/0068/0561/files/dd5a3225f6ecc16b1b405ab4184757256c4c0efd272fabf1733b01efa2681a83.jpg?v=1787260172	seo_runs/chillgen.com/chillgen_20260907_01/evidence/images/B001/10_custom-halloween-3d-effect-optical-illusion-spooky-round-r-design-06_img_06.jpg
custom-halloween-3d-effect-optical-illusion-spooky-round-r-design-06	7	81309069443441	https://cdn.shopify.com/s/files/1/1023/0068/0561/files/b570986ffeece69deff41368798e19e2960aa66d285144e99cd96fdb0812b926.jpg?v=1787260172	seo_runs/chillgen.com/chillgen_20260907_01/evidence/images/B001/10_custom-halloween-3d-effect-optical-illusion-spooky-round-r-design-06_img_07.jpg
custom-halloween-3d-effect-optical-illusion-spooky-round-r-design-06	8	81309069476209	https://cdn.shopify.com/s/files/1/1023/0068/0561/files/f6e7425dc53ea598466a80b2d7d03448a6197190a2572cd3fa51a8f471323f60.jpg?v=1787260173	seo_runs/chillgen.com/chillgen_20260907_01/evidence/images/B001/10_custom-halloween-3d-effect-optical-illusion-spooky-round-r-design-06_img_08.jpg
