evidence_id,shop_domain,Handle,product_id,media_id,image_location,image_number,variant,image_url,image_url_export,identity_status,shared_media_references,viewed_status,viewed_at,observed_visual_details,alt_current,alt_proposed,alt_action,review_status,revision,approved_by,approved_at,approved_fields,approved_revision,evidence_file_or_reference,issues
B015-141,chillgen.com,custom-halloween-3d-optical-illusion-round-rug-skeleton-h-design-102,15969440792945,81245653565809,GALLERY_PUBLIC_CDN,1,,https://cdn.shopify.com/s/files/1/1023/0068/0561/files/c3fd39c469400f60619602bfd79643db137a93d9311deaeed3391eaa92469f02.jpg?v=1786653652,UNKNOWN_WITHOUT_SHOPIFY_EXPORT,PUBLIC_JSON_MATCHED_TO_HANDLE,,VIEWED_CONTACT_SHEET_AND_LOCAL_FILE,2026-09-07T02:54:29+07:00,ghost vortex Halloween rug overhead view,,ghost vortex Halloween rug overhead view,SET,NEEDS_REVIEW,1,,,,,seo_runs/chillgen.com/chillgen_20260907_01/evidence/images/B015/custom-halloween-3d-optical-illusion-round-rug-skeleton-h-design-102__img_01.jpg,alt_current_empty_in_public_json; media_export_url_unknown_without_shopify_export
B015-141,chillgen.com,custom-halloween-3d-optical-illusion-round-rug-skeleton-h-design-102,15969440792945,81245653598577,GALLERY_PUBLIC_CDN,2,,https://cdn.shopify.com/s/files/1/1023/0068/0561/files/8de361fbf0cb0f403a14168e12c9e62ada5507a03bcc9167a42e3c5c87099225.jpg?v=1786653652,UNKNOWN_WITHOUT_SHOPIFY_EXPORT,PUBLIC_JSON_MATCHED_TO_HANDLE,,VIEWED_CONTACT_SHEET_AND_LOCAL_FILE,2026-09-07T02:54:29+07:00,size guide for ghost vortex round rug,,size guide for ghost vortex round rug,SET,NEEDS_REVIEW,1,,,,,seo_runs/chillgen.com/chillgen_20260907_01/evidence/images/B015/custom-halloween-3d-optical-illusion-round-rug-skeleton-h-design-102__img_02.jpg,alt_current_empty_in_public_json; media_export_url_unknown_without_shopify_export
B015-141,chillgen.com,custom-halloween-3d-optical-illusion-round-rug-skeleton-h-design-102,15969440792945,81245653631345,GALLERY_PUBLIC_CDN,3,,https://cdn.shopify.com/s/files/1/1023/0068/0561/files/4c66790a31d5941af9262b3c0b16d57debd13420fb28fc86a81bd9ea339103bc.jpg?v=1786653652,UNKNOWN_WITHOUT_SHOPIFY_EXPORT,PUBLIC_JSON_MATCHED_TO_HANDLE,,VIEWED_CONTACT_SHEET_AND_LOCAL_FILE,2026-09-07T02:54:29+07:00,ghost optical illusion rug near fireplace and pumpkins,,ghost optical illusion rug near fireplace and pumpkins,SET,NEEDS_REVIEW,1,,,,,seo_runs/chillgen.com/chillgen_20260907_01/evidence/images/B015/custom-halloween-3d-optical-illusion-round-rug-skeleton-h-design-102__img_03.jpg,alt_current_empty_in_public_json; media_export_url_unknown_without_shopify_export
B015-141,chillgen.com,custom-halloween-3d-optical-illusion-round-rug-skeleton-h-design-102,15969440792945,81245653664113,GALLERY_PUBLIC_CDN,4,,https://cdn.shopify.com/s/files/1/1023/0068/0561/files/56b44d1d52958a55a201bd524b21fd04fb1946214289383823c3be631815f1cf.jpg?v=1786653652,UNKNOWN_WITHOUT_SHOPIFY_EXPORT,PUBLIC_JSON_MATCHED_TO_HANDLE,,VIEWED_CONTACT_SHEET_AND_LOCAL_FILE,2026-09-07T02:54:29+07:00,non-slip backing graphic for ghost vortex rug,,non-slip backing graphic for ghost vortex rug,SET,NEEDS_REVIEW,1,,,,,seo_runs/chillgen.com/chillgen_20260907_01/evidence/images/B015/custom-halloween-3d-optical-illusion-round-rug-skeleton-h-design-102__img_04.jpg,alt_current_empty_in_public_json; media_export_url_unknown_without_shopify_export
B015-141,chillgen.com,custom-halloween-3d-optical-illusion-round-rug-skeleton-h-design-102,15969440792945,81245653696881,GALLERY_PUBLIC_CDN,5,,https://cdn.shopify.com/s/files/1/1023/0068/0561/files/fa6c013a6acd4fdfd3d302584830c8d75124c2299675797dcb814760c46752f0.jpg?v=1786653652,UNKNOWN_WITHOUT_SHOPIFY_EXPORT,PUBLIC_JSON_MATCHED_TO_HANDLE,,VIEWED_CONTACT_SHEET_AND_LOCAL_FILE,2026-09-07T02:54:29+07:00,ghost vortex rug in seasonal living room,,ghost vortex rug in seasonal living room,SET,NEEDS_REVIEW,1,,,,,seo_runs/chillgen.com/chillgen_20260907_01/evidence/images/B015/custom-halloween-3d-optical-illusion-round-rug-skeleton-h-design-102__img_05.jpg,alt_current_empty_in_public_json; media_export_url_unknown_without_shopify_export
B015-141,chillgen.com,custom-halloween-3d-optical-illusion-round-rug-skeleton-h-design-102,15969440792945,81245653729649,GALLERY_PUBLIC_CDN,6,,https://cdn.shopify.com/s/files/1/1023/0068/0561/files/f4c85bb142825f9b3ea3100492adaf915c6f27fbd553ab6b730901775e0f6652.jpg?v=1786653652,UNKNOWN_WITHOUT_SHOPIFY_EXPORT,PUBLIC_JSON_MATCHED_TO_HANDLE,,VIEWED_CONTACT_SHEET_AND_LOCAL_FILE,2026-09-07T02:54:29+07:00,nonslip detail graphic for ghost Halloween rug,,nonslip detail graphic for ghost Halloween rug,SET,NEEDS_REVIEW,1,,,,,seo_runs/chillgen.com/chillgen_20260907_01/evidence/images/B015/custom-halloween-3d-optical-illusion-round-rug-skeleton-h-design-102__img_06.jpg,alt_current_empty_in_public_json; media_export_url_unknown_without_shopify_export
B015-141,chillgen.com,custom-halloween-3d-optical-illusion-round-rug-skeleton-h-design-102,15969440792945,81245653762417,GALLERY_PUBLIC_CDN,7,,https://cdn.shopify.com/s/files/1/1023/0068/0561/files/c6e57c39a9b5d3248fd078ac5051aad3caab84fed2ffb914ca4f1c51a001c4a2.jpg?v=1786653652,UNKNOWN_WITHOUT_SHOPIFY_EXPORT,PUBLIC_JSON_MATCHED_TO_HANDLE,,VIEWED_CONTACT_SHEET_AND_LOCAL_FILE,2026-09-07T02:54:29+07:00,ghost vortex rug under dining table,,ghost vortex rug under dining table,SET,NEEDS_REVIEW,1,,,,,seo_runs/chillgen.com/chillgen_20260907_01/evidence/images/B015/custom-halloween-3d-optical-illusion-round-rug-skeleton-h-design-102__img_07.jpg,alt_current_empty_in_public_json; media_export_url_unknown_without_shopify_export
B015-141,chillgen.com,custom-halloween-3d-optical-illusion-round-rug-skeleton-h-design-102,15969440792945,81245653795185,GALLERY_PUBLIC_CDN,8,,https://cdn.shopify.com/s/files/1/1023/0068/0561/files/c19a077ab5ec01502da6b0596a164e3b69f65ecab951175ae9feacd578cb1230.jpg?v=1786653652,UNKNOWN_WITHOUT_SHOPIFY_EXPORT,PUBLIC_JSON_MATCHED_TO_HANDLE,,VIEWED_CONTACT_SHEET_AND_LOCAL_FILE,2026-09-07T02:54:29+07:00,child sitting near ghost optical illusion rug,,child sitting near ghost optical illusion rug,SET,NEEDS_REVIEW,1,,,,,seo_runs/chillgen.com/chillgen_20260907_01/evidence/images/B015/custom-halloween-3d-optical-illusion-round-rug-skeleton-h-design-102__img_08.jpg,alt_current_empty_in_public_json; media_export_url_unknown_without_shopify_export
B015-142,chillgen.com,custom-halloween-3d-optical-illusion-round-rug-skeleton-h-design-103,15969440924017,81245657563505,GALLERY_PUBLIC_CDN,1,,https://cdn.shopify.com/s/files/1/1023/0068/0561/files/3e66c1b29a413ef93a90baebbf7da3ab1388e8e9cd9b85638abac4fe5b4e91cb.jpg?v=1786653664,UNKNOWN_WITHOUT_SHOPIFY_EXPORT,PUBLIC_JSON_MATCHED_TO_HANDLE,,VIEWED_CONTACT_SHEET_AND_LOCAL_FILE,2026-09-07T02:54:29+07:00,raven autumn Halloween rug overhead view,,raven autumn Halloween rug overhead view,SET,NEEDS_REVIEW,1,,,,,seo_runs/chillgen.com/chillgen_20260907_01/evidence/images/B015/custom-halloween-3d-optical-illusion-round-rug-skeleton-h-design-103__img_01.jpg,alt_current_empty_in_public_json; media_export_url_unknown_without_shopify_export
B015-142,chillgen.com,custom-halloween-3d-optical-illusion-round-rug-skeleton-h-design-103,15969440924017,81245657596273,GALLERY_PUBLIC_CDN,2,,https://cdn.shopify.com/s/files/1/1023/0068/0561/files/db2192f6f497bf4a409cd3f5bc683ac0df27a7b9ac4edac361d008323085d764.jpg?v=1786653664,UNKNOWN_WITHOUT_SHOPIFY_EXPORT,PUBLIC_JSON_MATCHED_TO_HANDLE,,VIEWED_CONTACT_SHEET_AND_LOCAL_FILE,2026-09-07T02:54:29+07:00,size guide for raven fall round rug,,size guide for raven fall round rug,SET,NEEDS_REVIEW,1,,,,,seo_runs/chillgen.com/chillgen_20260907_01/evidence/images/B015/custom-halloween-3d-optical-illusion-round-rug-skeleton-h-design-103__img_02.jpg,alt_current_empty_in_public_json; media_export_url_unknown_without_shopify_export
B015-142,chillgen.com,custom-halloween-3d-optical-illusion-round-rug-skeleton-h-design-103,15969440924017,81245657629041,GALLERY_PUBLIC_CDN,3,,https://cdn.shopify.com/s/files/1/1023/0068/0561/files/003573865fbdff97e02bbc9ed65c8fb7f4c4d09c96f57cc996041e932763fb63.jpg?v=1786653664,UNKNOWN_WITHOUT_SHOPIFY_EXPORT,PUBLIC_JSON_MATCHED_TO_HANDLE,,VIEWED_CONTACT_SHEET_AND_LOCAL_FILE,2026-09-07T02:54:29+07:00,raven rug near fireplace and pumpkins,,raven rug near fireplace and pumpkins,SET,NEEDS_REVIEW,1,,,,,seo_runs/chillgen.com/chillgen_20260907_01/evidence/images/B015/custom-halloween-3d-optical-illusion-round-rug-skeleton-h-design-103__img_03.jpg,alt_current_empty_in_public_json; media_export_url_unknown_without_shopify_export
B015-142,chillgen.com,custom-halloween-3d-optical-illusion-round-rug-skeleton-h-design-103,15969440924017,81245657661809,GALLERY_PUBLIC_CDN,4,,https://cdn.shopify.com/s/files/1/1023/0068/0561/files/139dec64d01369909f0e93546ff11647e32050031840fcd2039a0cd1ea99f642.jpg?v=1786653665,UNKNOWN_WITHOUT_SHOPIFY_EXPORT,PUBLIC_JSON_MATCHED_TO_HANDLE,,VIEWED_CONTACT_SHEET_AND_LOCAL_FILE,2026-09-07T02:54:29+07:00,non-slip backing graphic for raven rug,,non-slip backing graphic for raven rug,SET,NEEDS_REVIEW,1,,,,,seo_runs/chillgen.com/chillgen_20260907_01/evidence/images/B015/custom-halloween-3d-optical-illusion-round-rug-skeleton-h-design-103__img_04.jpg,alt_current_empty_in_public_json; media_export_url_unknown_without_shopify_export
B015-142,chillgen.com,custom-halloween-3d-optical-illusion-round-rug-skeleton-h-design-103,15969440924017,81245657694577,GALLERY_PUBLIC_CDN,5,,https://cdn.shopify.com/s/files/1/1023/0068/0561/files/1e55373e9f1edb1da2ef8e204aa1494befdfbf59e7ead3fd9b40a49b20a0879f.jpg?v=1786653664,UNKNOWN_WITHOUT_SHOPIFY_EXPORT,PUBLIC_JSON_MATCHED_TO_HANDLE,,VIEWED_CONTACT_SHEET_AND_LOCAL_FILE,2026-09-07T02:54:29+07:00,raven autumn rug in seasonal living room,,raven autumn rug in seasonal living room,SET,NEEDS_REVIEW,1,,,,,seo_runs/chillgen.com/chillgen_20260907_01/evidence/images/B015/custom-halloween-3d-optical-illusion-round-rug-skeleton-h-design-103__img_05.jpg,alt_current_empty_in_public_json; media_export_url_unknown_without_shopify_export
B015-142,chillgen.com,custom-halloween-3d-optical-illusion-round-rug-skeleton-h-design-103,15969440924017,81245657727345,GALLERY_PUBLIC_CDN,6,,https://cdn.shopify.com/s/files/1/1023/0068/0561/files/25274b8d1dc90f9bdcb0fd1fc9f9e5a79505b5dea56952031a8533e176a78fa0.jpg?v=1786653664,UNKNOWN_WITHOUT_SHOPIFY_EXPORT,PUBLIC_JSON_MATCHED_TO_HANDLE,,VIEWED_CONTACT_SHEET_AND_LOCAL_FILE,2026-09-07T02:54:29+07:00,nonslip detail graphic for gothic raven rug,,nonslip detail graphic for gothic raven rug,SET,NEEDS_REVIEW,1,,,,,seo_runs/chillgen.com/chillgen_20260907_01/evidence/images/B015/custom-halloween-3d-optical-illusion-round-rug-skeleton-h-design-103__img_06.jpg,alt_current_empty_in_public_json; media_export_url_unknown_without_shopify_export
B015-142,chillgen.com,custom-halloween-3d-optical-illusion-round-rug-skeleton-h-design-103,15969440924017,81245657760113,GALLERY_PUBLIC_CDN,7,,https://cdn.shopify.com/s/files/1/1023/0068/0561/files/e41520d4e0dc90881fd849fe93eb688fc657ce76ef8c57121e183e476122f09d.jpg?v=1786653664,UNKNOWN_WITHOUT_SHOPIFY_EXPORT,PUBLIC_JSON_MATCHED_TO_HANDLE,,VIEWED_CONTACT_SHEET_AND_LOCAL_FILE,2026-09-07T02:54:29+07:00,raven round rug under dining table,,raven round rug under dining table,SET,NEEDS_REVIEW,1,,,,,seo_runs/chillgen.com/chillgen_20260907_01/evidence/images/B015/custom-halloween-3d-optical-illusion-round-rug-skeleton-h-design-103__img_07.jpg,alt_current_empty_in_public_json; media_export_url_unknown_without_shopify_export
B015-142,chillgen.com,custom-halloween-3d-optical-illusion-round-rug-skeleton-h-design-103,15969440924017,81245657792881,GALLERY_PUBLIC_CDN,8,,https://cdn.shopify.com/s/files/1/1023/0068/0561/files/ee7f373b53e55a72747c1a61c74ddf0ba212ebc86d3682123deeeaeeaae44560.jpg?v=1786653664,UNKNOWN_WITHOUT_SHOPIFY_EXPORT,PUBLIC_JSON_MATCHED_TO_HANDLE,,VIEWED_CONTACT_SHEET_AND_LOCAL_FILE,2026-09-07T02:54:29+07:00,child sitting near raven Halloween rug,,child sitting near raven Halloween rug,SET,NEEDS_REVIEW,1,,,,,seo_runs/chillgen.com/chillgen_20260907_01/evidence/images/B015/custom-halloween-3d-optical-illusion-round-rug-skeleton-h-design-103__img_08.jpg,alt_current_empty_in_public_json; media_export_url_unknown_without_shopify_export
B015-143,chillgen.com,custom-halloween-3d-optical-illusion-round-rug-skeleton-h-design-104,15969441022321,81245658546545,GALLERY_PUBLIC_CDN,1,,https://cdn.shopify.com/s/files/1/1023/0068/0561/files/e88b02b6f9484a1fd5754e4c097db2b14ca0f6a4d24792da3700480ca4156058.jpg?v=1786653675,UNKNOWN_WITHOUT_SHOPIFY_EXPORT,PUBLIC_JSON_MATCHED_TO_HANDLE,,VIEWED_CONTACT_SHEET_AND_LOCAL_FILE,2026-09-07T02:54:29+07:00,checkerboard ghost illusion rug overhead view,,checkerboard ghost illusion rug overhead view,SET,NEEDS_REVIEW,1,,,,,seo_runs/chillgen.com/chillgen_20260907_01/evidence/images/B015/custom-halloween-3d-optical-illusion-round-rug-skeleton-h-design-104__img_01.jpg,alt_current_empty_in_public_json; media_export_url_unknown_without_shopify_export
B015-143,chillgen.com,custom-halloween-3d-optical-illusion-round-rug-skeleton-h-design-104,15969441022321,81245658579313,GALLERY_PUBLIC_CDN,2,,https://cdn.shopify.com/s/files/1/1023/0068/0561/files/8197bf81e7b8ab3f102ad30e6d9ca3279419698c431adb259ef9d43588fd0c29.jpg?v=1786653675,UNKNOWN_WITHOUT_SHOPIFY_EXPORT,PUBLIC_JSON_MATCHED_TO_HANDLE,,VIEWED_CONTACT_SHEET_AND_LOCAL_FILE,2026-09-07T02:54:29+07:00,size guide for checkerboard ghost round rug,,size guide for checkerboard ghost round rug,SET,NEEDS_REVIEW,1,,,,,seo_runs/chillgen.com/chillgen_20260907_01/evidence/images/B015/custom-halloween-3d-optical-illusion-round-rug-skeleton-h-design-104__img_02.jpg,alt_current_empty_in_public_json; media_export_url_unknown_without_shopify_export
B015-143,chillgen.com,custom-halloween-3d-optical-illusion-round-rug-skeleton-h-design-104,15969441022321,81245658612081,GALLERY_PUBLIC_CDN,3,,https://cdn.shopify.com/s/files/1/1023/0068/0561/files/0eacd4efdfb466d71a82dcc50d01f11f16dd2f120f012642d21600e143c424b7.jpg?v=1786653675,UNKNOWN_WITHOUT_SHOPIFY_EXPORT,PUBLIC_JSON_MATCHED_TO_HANDLE,,VIEWED_CONTACT_SHEET_AND_LOCAL_FILE,2026-09-07T02:54:29+07:00,ghost vortex rug near fireplace and pumpkins,,ghost vortex rug near fireplace and pumpkins,SET,NEEDS_REVIEW,1,,,,,seo_runs/chillgen.com/chillgen_20260907_01/evidence/images/B015/custom-halloween-3d-optical-illusion-round-rug-skeleton-h-design-104__img_03.jpg,alt_current_empty_in_public_json; media_export_url_unknown_without_shopify_export
B015-143,chillgen.com,custom-halloween-3d-optical-illusion-round-rug-skeleton-h-design-104,15969441022321,81245658644849,GALLERY_PUBLIC_CDN,4,,https://cdn.shopify.com/s/files/1/1023/0068/0561/files/07ba84b963936132b572277e38a01b9680f61d92bd3911d1329d693d1dfccd89.jpg?v=1786653675,UNKNOWN_WITHOUT_SHOPIFY_EXPORT,PUBLIC_JSON_MATCHED_TO_HANDLE,,VIEWED_CONTACT_SHEET_AND_LOCAL_FILE,2026-09-07T02:54:29+07:00,non-slip backing graphic for checkerboard ghost rug,,non-slip backing graphic for checkerboard ghost rug,SET,NEEDS_REVIEW,1,,,,,seo_runs/chillgen.com/chillgen_20260907_01/evidence/images/B015/custom-halloween-3d-optical-illusion-round-rug-skeleton-h-design-104__img_04.jpg,alt_current_empty_in_public_json; media_export_url_unknown_without_shopify_export
B015-143,chillgen.com,custom-halloween-3d-optical-illusion-round-rug-skeleton-h-design-104,15969441022321,81245658677617,GALLERY_PUBLIC_CDN,5,,https://cdn.shopify.com/s/files/1/1023/0068/0561/files/38e237881a13bd5f78d6158ebb5127f85ed40ee235efd676897a337d08c36414.jpg?v=1786653675,UNKNOWN_WITHOUT_SHOPIFY_EXPORT,PUBLIC_JSON_MATCHED_TO_HANDLE,,VIEWED_CONTACT_SHEET_AND_LOCAL_FILE,2026-09-07T02:54:29+07:00,checkerboard ghost rug in seasonal living room,,checkerboard ghost rug in seasonal living room,SET,NEEDS_REVIEW,1,,,,,seo_runs/chillgen.com/chillgen_20260907_01/evidence/images/B015/custom-halloween-3d-optical-illusion-round-rug-skeleton-h-design-104__img_05.jpg,alt_current_empty_in_public_json; media_export_url_unknown_without_shopify_export
B015-143,chillgen.com,custom-halloween-3d-optical-illusion-round-rug-skeleton-h-design-104,15969441022321,81245658710385,GALLERY_PUBLIC_CDN,6,,https://cdn.shopify.com/s/files/1/1023/0068/0561/files/0dd6780a2df5cbb9cf07492f7ab7b934a499adb376eaab89b52de3db0292ce3c.jpg?v=1786653675,UNKNOWN_WITHOUT_SHOPIFY_EXPORT,PUBLIC_JSON_MATCHED_TO_HANDLE,,VIEWED_CONTACT_SHEET_AND_LOCAL_FILE,2026-09-07T02:54:29+07:00,nonslip detail graphic for Halloween ghost rug,,nonslip detail graphic for Halloween ghost rug,SET,NEEDS_REVIEW,1,,,,,seo_runs/chillgen.com/chillgen_20260907_01/evidence/images/B015/custom-halloween-3d-optical-illusion-round-rug-skeleton-h-design-104__img_06.jpg,alt_current_empty_in_public_json; media_export_url_unknown_without_shopify_export
B015-143,chillgen.com,custom-halloween-3d-optical-illusion-round-rug-skeleton-h-design-104,15969441022321,81245658743153,GALLERY_PUBLIC_CDN,7,,https://cdn.shopify.com/s/files/1/1023/0068/0561/files/02fbb7bd72dbbcb159c3cc5464f2ba4b9a62c380bda808231d84ae24c592de82.jpg?v=1786653675,UNKNOWN_WITHOUT_SHOPIFY_EXPORT,PUBLIC_JSON_MATCHED_TO_HANDLE,,VIEWED_CONTACT_SHEET_AND_LOCAL_FILE,2026-09-07T02:54:29+07:00,checkerboard ghost rug under dining table,,checkerboard ghost rug under dining table,SET,NEEDS_REVIEW,1,,,,,seo_runs/chillgen.com/chillgen_20260907_01/evidence/images/B015/custom-halloween-3d-optical-illusion-round-rug-skeleton-h-design-104__img_07.jpg,alt_current_empty_in_public_json; media_export_url_unknown_without_shopify_export
B015-143,chillgen.com,custom-halloween-3d-optical-illusion-round-rug-skeleton-h-design-104,15969441022321,81245658775921,GALLERY_PUBLIC_CDN,8,,https://cdn.shopify.com/s/files/1/1023/0068/0561/files/58429b072692f3017352ef8ecfdcc5220957bdfd745a3ca79c6529da21164928.jpg?v=1786653675,UNKNOWN_WITHOUT_SHOPIFY_EXPORT,PUBLIC_JSON_MATCHED_TO_HANDLE,,VIEWED_CONTACT_SHEET_AND_LOCAL_FILE,2026-09-07T02:54:29+07:00,child sitting near ghost illusion rug,,child sitting near ghost illusion rug,SET,NEEDS_REVIEW,1,,,,,seo_runs/chillgen.com/chillgen_20260907_01/evidence/images/B015/custom-halloween-3d-optical-illusion-round-rug-skeleton-h-design-104__img_08.jpg,alt_current_empty_in_public_json; media_export_url_unknown_without_shopify_export
B015-144,chillgen.com,custom-halloween-3d-optical-illusion-round-rug-skeleton-h-design-105,15969441055089,81245660086641,GALLERY_PUBLIC_CDN,1,,https://cdn.shopify.com/s/files/1/1023/0068/0561/files/95908532b751ed5a0a54312dfeb248e4af8b580c47e248ca37e6da48e0fc5aa3.jpg?v=1786653691,UNKNOWN_WITHOUT_SHOPIFY_EXPORT,PUBLIC_JSON_MATCHED_TO_HANDLE,,VIEWED_CONTACT_SHEET_AND_LOCAL_FILE,2026-09-07T02:54:29+07:00,ghost campfire Halloween rug overhead view,,ghost campfire Halloween rug overhead view,SET,NEEDS_REVIEW,1,,,,,seo_runs/chillgen.com/chillgen_20260907_01/evidence/images/B015/custom-halloween-3d-optical-illusion-round-rug-skeleton-h-design-105__img_01.jpg,alt_current_empty_in_public_json; media_export_url_unknown_without_shopify_export
B015-144,chillgen.com,custom-halloween-3d-optical-illusion-round-rug-skeleton-h-design-105,15969441055089,81245660119409,GALLERY_PUBLIC_CDN,2,,https://cdn.shopify.com/s/files/1/1023/0068/0561/files/1d32c665ea4cdf39e582f7a5e88cd23053e25ba5148a10762e890d4ada8b489c.jpg?v=1786653691,UNKNOWN_WITHOUT_SHOPIFY_EXPORT,PUBLIC_JSON_MATCHED_TO_HANDLE,,VIEWED_CONTACT_SHEET_AND_LOCAL_FILE,2026-09-07T02:54:29+07:00,size guide for ghost campfire round rug,,size guide for ghost campfire round rug,SET,NEEDS_REVIEW,1,,,,,seo_runs/chillgen.com/chillgen_20260907_01/evidence/images/B015/custom-halloween-3d-optical-illusion-round-rug-skeleton-h-design-105__img_02.jpg,alt_current_empty_in_public_json; media_export_url_unknown_without_shopify_export
B015-144,chillgen.com,custom-halloween-3d-optical-illusion-round-rug-skeleton-h-design-105,15969441055089,81245660152177,GALLERY_PUBLIC_CDN,3,,https://cdn.shopify.com/s/files/1/1023/0068/0561/files/5cb3eb19771eba8766b7ada980c930e7ff4a6d4d781ba052a672c0c0ee0c9353.jpg?v=1786653691,UNKNOWN_WITHOUT_SHOPIFY_EXPORT,PUBLIC_JSON_MATCHED_TO_HANDLE,,VIEWED_CONTACT_SHEET_AND_LOCAL_FILE,2026-09-07T02:54:29+07:00,cozy ghost rug near fireplace and pumpkins,,cozy ghost rug near fireplace and pumpkins,SET,NEEDS_REVIEW,1,,,,,seo_runs/chillgen.com/chillgen_20260907_01/evidence/images/B015/custom-halloween-3d-optical-illusion-round-rug-skeleton-h-design-105__img_03.jpg,alt_current_empty_in_public_json; media_export_url_unknown_without_shopify_export
B015-144,chillgen.com,custom-halloween-3d-optical-illusion-round-rug-skeleton-h-design-105,15969441055089,81245660184945,GALLERY_PUBLIC_CDN,4,,https://cdn.shopify.com/s/files/1/1023/0068/0561/files/d72c46f00ad0704fd9c05019250283ef833c2f43a73ae7198c8bf09bed9e8de9.jpg?v=1786653691,UNKNOWN_WITHOUT_SHOPIFY_EXPORT,PUBLIC_JSON_MATCHED_TO_HANDLE,,VIEWED_CONTACT_SHEET_AND_LOCAL_FILE,2026-09-07T02:54:29+07:00,non-slip backing graphic for ghost campfire rug,,non-slip backing graphic for ghost campfire rug,SET,NEEDS_REVIEW,1,,,,,seo_runs/chillgen.com/chillgen_20260907_01/evidence/images/B015/custom-halloween-3d-optical-illusion-round-rug-skeleton-h-design-105__img_04.jpg,alt_current_empty_in_public_json; media_export_url_unknown_without_shopify_export
B015-144,chillgen.com,custom-halloween-3d-optical-illusion-round-rug-skeleton-h-design-105,15969441055089,81245660217713,GALLERY_PUBLIC_CDN,5,,https://cdn.shopify.com/s/files/1/1023/0068/0561/files/843759c2c4dde7081d841e4155ffad81ebc6b481f7938d3dc9b775747b5b179f.jpg?v=1786653692,UNKNOWN_WITHOUT_SHOPIFY_EXPORT,PUBLIC_JSON_MATCHED_TO_HANDLE,,VIEWED_CONTACT_SHEET_AND_LOCAL_FILE,2026-09-07T02:54:29+07:00,ghost campfire rug in seasonal living room,,ghost campfire rug in seasonal living room,SET,NEEDS_REVIEW,1,,,,,seo_runs/chillgen.com/chillgen_20260907_01/evidence/images/B015/custom-halloween-3d-optical-illusion-round-rug-skeleton-h-design-105__img_05.jpg,alt_current_empty_in_public_json; media_export_url_unknown_without_shopify_export
B015-144,chillgen.com,custom-halloween-3d-optical-illusion-round-rug-skeleton-h-design-105,15969441055089,81245660250481,GALLERY_PUBLIC_CDN,6,,https://cdn.shopify.com/s/files/1/1023/0068/0561/files/c8cb57ca35f012acb005ae5655013948ae4eeb0d191ef46f94064b242c072113.jpg?v=1786653691,UNKNOWN_WITHOUT_SHOPIFY_EXPORT,PUBLIC_JSON_MATCHED_TO_HANDLE,,VIEWED_CONTACT_SHEET_AND_LOCAL_FILE,2026-09-07T02:54:29+07:00,nonslip detail graphic for cozy Halloween rug,,nonslip detail graphic for cozy Halloween rug,SET,NEEDS_REVIEW,1,,,,,seo_runs/chillgen.com/chillgen_20260907_01/evidence/images/B015/custom-halloween-3d-optical-illusion-round-rug-skeleton-h-design-105__img_06.jpg,alt_current_empty_in_public_json; media_export_url_unknown_without_shopify_export
B015-144,chillgen.com,custom-halloween-3d-optical-illusion-round-rug-skeleton-h-design-105,15969441055089,81245660283249,GALLERY_PUBLIC_CDN,7,,https://cdn.shopify.com/s/files/1/1023/0068/0561/files/1e24a8ed5df54e2e943c1224093519feb5a76bd7ccc520d95bdc6c30610be5b9.jpg?v=1786653691,UNKNOWN_WITHOUT_SHOPIFY_EXPORT,PUBLIC_JSON_MATCHED_TO_HANDLE,,VIEWED_CONTACT_SHEET_AND_LOCAL_FILE,2026-09-07T02:54:29+07:00,ghost campfire rug under dining table,,ghost campfire rug under dining table,SET,NEEDS_REVIEW,1,,,,,seo_runs/chillgen.com/chillgen_20260907_01/evidence/images/B015/custom-halloween-3d-optical-illusion-round-rug-skeleton-h-design-105__img_07.jpg,alt_current_empty_in_public_json; media_export_url_unknown_without_shopify_export
B015-144,chillgen.com,custom-halloween-3d-optical-illusion-round-rug-skeleton-h-design-105,15969441055089,81245660316017,GALLERY_PUBLIC_CDN,8,,https://cdn.shopify.com/s/files/1/1023/0068/0561/files/e044ef30c14ce8821722a30f6acfb48f049efecc8f96bc75fc9393c79644be6b.jpg?v=1786653691,UNKNOWN_WITHOUT_SHOPIFY_EXPORT,PUBLIC_JSON_MATCHED_TO_HANDLE,,VIEWED_CONTACT_SHEET_AND_LOCAL_FILE,2026-09-07T02:54:29+07:00,child sitting near cozy ghost Halloween rug,,child sitting near cozy ghost Halloween rug,SET,NEEDS_REVIEW,1,,,,,seo_runs/chillgen.com/chillgen_20260907_01/evidence/images/B015/custom-halloween-3d-optical-illusion-round-rug-skeleton-h-design-105__img_08.jpg,alt_current_empty_in_public_json; media_export_url_unknown_without_shopify_export
B015-145,chillgen.com,custom-halloween-3d-optical-illusion-round-rug-skeleton-h-design-106,15969441087857,81245661659505,GALLERY_PUBLIC_CDN,1,,https://cdn.shopify.com/s/files/1/1023/0068/0561/files/3bed5ee2a1d5eed0ba8e1c0aeb606fa52b835f09c4e26037e40139e9a97fb463.jpg?v=1786653703,UNKNOWN_WITHOUT_SHOPIFY_EXPORT,PUBLIC_JSON_MATCHED_TO_HANDLE,,VIEWED_CONTACT_SHEET_AND_LOCAL_FILE,2026-09-07T02:54:29+07:00,crawling skeleton pit rug overhead view,,crawling skeleton pit rug overhead view,SET,NEEDS_REVIEW,1,,,,,seo_runs/chillgen.com/chillgen_20260907_01/evidence/images/B015/custom-halloween-3d-optical-illusion-round-rug-skeleton-h-design-106__img_01.jpg,alt_current_empty_in_public_json; media_export_url_unknown_without_shopify_export
B015-145,chillgen.com,custom-halloween-3d-optical-illusion-round-rug-skeleton-h-design-106,15969441087857,81245661692273,GALLERY_PUBLIC_CDN,2,,https://cdn.shopify.com/s/files/1/1023/0068/0561/files/6a878aab38c2fd6df2bd87f917c6f246d9494731abc4e2b8582f3e8dd7750ba0.jpg?v=1786653703,UNKNOWN_WITHOUT_SHOPIFY_EXPORT,PUBLIC_JSON_MATCHED_TO_HANDLE,,VIEWED_CONTACT_SHEET_AND_LOCAL_FILE,2026-09-07T02:54:29+07:00,size guide for crawling skeleton Halloween rug,,size guide for crawling skeleton Halloween rug,SET,NEEDS_REVIEW,1,,,,,seo_runs/chillgen.com/chillgen_20260907_01/evidence/images/B015/custom-halloween-3d-optical-illusion-round-rug-skeleton-h-design-106__img_02.jpg,alt_current_empty_in_public_json; media_export_url_unknown_without_shopify_export
B015-145,chillgen.com,custom-halloween-3d-optical-illusion-round-rug-skeleton-h-design-106,15969441087857,81245661725041,GALLERY_PUBLIC_CDN,3,,https://cdn.shopify.com/s/files/1/1023/0068/0561/files/5721c848a9f0baeb9c88cd611dbe6df90169a7ad5dae1a1cba0a499e25d9e3d2.jpg?v=1786653703,UNKNOWN_WITHOUT_SHOPIFY_EXPORT,PUBLIC_JSON_MATCHED_TO_HANDLE,,VIEWED_CONTACT_SHEET_AND_LOCAL_FILE,2026-09-07T02:54:29+07:00,skeleton pit rug near fireplace and pumpkins,,skeleton pit rug near fireplace and pumpkins,SET,NEEDS_REVIEW,1,,,,,seo_runs/chillgen.com/chillgen_20260907_01/evidence/images/B015/custom-halloween-3d-optical-illusion-round-rug-skeleton-h-design-106__img_03.jpg,alt_current_empty_in_public_json; media_export_url_unknown_without_shopify_export
B015-145,chillgen.com,custom-halloween-3d-optical-illusion-round-rug-skeleton-h-design-106,15969441087857,81245661757809,GALLERY_PUBLIC_CDN,4,,https://cdn.shopify.com/s/files/1/1023/0068/0561/files/9ee8e86eab89452d27aa77998b48769e4c7e8a9fc4056319bbe38d2ebe3a0296.jpg?v=1786653703,UNKNOWN_WITHOUT_SHOPIFY_EXPORT,PUBLIC_JSON_MATCHED_TO_HANDLE,,VIEWED_CONTACT_SHEET_AND_LOCAL_FILE,2026-09-07T02:54:29+07:00,non-slip backing graphic for skeleton pit rug,,non-slip backing graphic for skeleton pit rug,SET,NEEDS_REVIEW,1,,,,,seo_runs/chillgen.com/chillgen_20260907_01/evidence/images/B015/custom-halloween-3d-optical-illusion-round-rug-skeleton-h-design-106__img_04.jpg,alt_current_empty_in_public_json; media_export_url_unknown_without_shopify_export
B015-145,chillgen.com,custom-halloween-3d-optical-illusion-round-rug-skeleton-h-design-106,15969441087857,81245661790577,GALLERY_PUBLIC_CDN,5,,https://cdn.shopify.com/s/files/1/1023/0068/0561/files/a7868051739987303dd2bd9563484ac194b4d223296f1e8fcff319820fa58074.jpg?v=1786653703,UNKNOWN_WITHOUT_SHOPIFY_EXPORT,PUBLIC_JSON_MATCHED_TO_HANDLE,,VIEWED_CONTACT_SHEET_AND_LOCAL_FILE,2026-09-07T02:54:29+07:00,crawling skeleton rug in seasonal living room,,crawling skeleton rug in seasonal living room,SET,NEEDS_REVIEW,1,,,,,seo_runs/chillgen.com/chillgen_20260907_01/evidence/images/B015/custom-halloween-3d-optical-illusion-round-rug-skeleton-h-design-106__img_05.jpg,alt_current_empty_in_public_json; media_export_url_unknown_without_shopify_export
B015-145,chillgen.com,custom-halloween-3d-optical-illusion-round-rug-skeleton-h-design-106,15969441087857,81245661823345,GALLERY_PUBLIC_CDN,6,,https://cdn.shopify.com/s/files/1/1023/0068/0561/files/1ea6cd3d6dd07424c2251fa69f66d5db142a0a3911d9727874aeb0742aa2cd30.jpg?v=1786653703,UNKNOWN_WITHOUT_SHOPIFY_EXPORT,PUBLIC_JSON_MATCHED_TO_HANDLE,,VIEWED_CONTACT_SHEET_AND_LOCAL_FILE,2026-09-07T02:54:29+07:00,nonslip detail graphic for 3D skeleton rug,,nonslip detail graphic for 3D skeleton rug,SET,NEEDS_REVIEW,1,,,,,seo_runs/chillgen.com/chillgen_20260907_01/evidence/images/B015/custom-halloween-3d-optical-illusion-round-rug-skeleton-h-design-106__img_06.jpg,alt_current_empty_in_public_json; media_export_url_unknown_without_shopify_export
B015-145,chillgen.com,custom-halloween-3d-optical-illusion-round-rug-skeleton-h-design-106,15969441087857,81245661856113,GALLERY_PUBLIC_CDN,7,,https://cdn.shopify.com/s/files/1/1023/0068/0561/files/a0a8cab7e9cc72fac697446cb8f6a2886e1fe50371982fa3209f4f0fe21dd9b0.jpg?v=1786653703,UNKNOWN_WITHOUT_SHOPIFY_EXPORT,PUBLIC_JSON_MATCHED_TO_HANDLE,,VIEWED_CONTACT_SHEET_AND_LOCAL_FILE,2026-09-07T02:54:29+07:00,skeleton pit rug under dining table,,skeleton pit rug under dining table,SET,NEEDS_REVIEW,1,,,,,seo_runs/chillgen.com/chillgen_20260907_01/evidence/images/B015/custom-halloween-3d-optical-illusion-round-rug-skeleton-h-design-106__img_07.jpg,alt_current_empty_in_public_json; media_export_url_unknown_without_shopify_export
B015-145,chillgen.com,custom-halloween-3d-optical-illusion-round-rug-skeleton-h-design-106,15969441087857,81245661888881,GALLERY_PUBLIC_CDN,8,,https://cdn.shopify.com/s/files/1/1023/0068/0561/files/1929dbc1ef392d22a8960b5a0de45a229c974da2c73be546a111fc186337a5a8.jpg?v=1786653703,UNKNOWN_WITHOUT_SHOPIFY_EXPORT,PUBLIC_JSON_MATCHED_TO_HANDLE,,VIEWED_CONTACT_SHEET_AND_LOCAL_FILE,2026-09-07T02:54:29+07:00,child sitting near crawling skeleton illusion rug,,child sitting near crawling skeleton illusion rug,SET,NEEDS_REVIEW,1,,,,,seo_runs/chillgen.com/chillgen_20260907_01/evidence/images/B015/custom-halloween-3d-optical-illusion-round-rug-skeleton-h-design-106__img_08.jpg,alt_current_empty_in_public_json; media_export_url_unknown_without_shopify_export
B015-146,chillgen.com,custom-halloween-3d-optical-illusion-round-rug-skeleton-h-design-107,15969441186161,81245663854961,GALLERY_PUBLIC_CDN,1,,https://cdn.shopify.com/s/files/1/1023/0068/0561/files/6a9a747aa6f3a6e280d2685e0455c43530a17e5ac5cae50c2edba17e206df7b4.jpg?v=1786653720,UNKNOWN_WITHOUT_SHOPIFY_EXPORT,PUBLIC_JSON_MATCHED_TO_HANDLE,,VIEWED_CONTACT_SHEET_AND_LOCAL_FILE,2026-09-07T02:54:29+07:00,graveyard checkerboard illusion rug overhead view,,graveyard checkerboard illusion rug overhead view,SET,NEEDS_REVIEW,1,,,,,seo_runs/chillgen.com/chillgen_20260907_01/evidence/images/B015/custom-halloween-3d-optical-illusion-round-rug-skeleton-h-design-107__img_01.jpg,alt_current_empty_in_public_json; media_export_url_unknown_without_shopify_export
B015-146,chillgen.com,custom-halloween-3d-optical-illusion-round-rug-skeleton-h-design-107,15969441186161,81245663887729,GALLERY_PUBLIC_CDN,2,,https://cdn.shopify.com/s/files/1/1023/0068/0561/files/dc827a322e06172fc98a2dcabbf909ccb1a5aa3faba6d72698ed3aca6e69ded6.jpg?v=1786653720,UNKNOWN_WITHOUT_SHOPIFY_EXPORT,PUBLIC_JSON_MATCHED_TO_HANDLE,,VIEWED_CONTACT_SHEET_AND_LOCAL_FILE,2026-09-07T02:54:29+07:00,size guide for graveyard illusion round rug,,size guide for graveyard illusion round rug,SET,NEEDS_REVIEW,1,,,,,seo_runs/chillgen.com/chillgen_20260907_01/evidence/images/B015/custom-halloween-3d-optical-illusion-round-rug-skeleton-h-design-107__img_02.jpg,alt_current_empty_in_public_json; media_export_url_unknown_without_shopify_export
B015-146,chillgen.com,custom-halloween-3d-optical-illusion-round-rug-skeleton-h-design-107,15969441186161,81245663920497,GALLERY_PUBLIC_CDN,3,,https://cdn.shopify.com/s/files/1/1023/0068/0561/files/20f609a6091b71bfc364e296d9814eef76b9fb59cd913b9ea6a79ae53653a6dc.jpg?v=1786653720,UNKNOWN_WITHOUT_SHOPIFY_EXPORT,PUBLIC_JSON_MATCHED_TO_HANDLE,,VIEWED_CONTACT_SHEET_AND_LOCAL_FILE,2026-09-07T02:54:29+07:00,checkerboard graveyard rug near fireplace and pumpkins,,checkerboard graveyard rug near fireplace and pumpkins,SET,NEEDS_REVIEW,1,,,,,seo_runs/chillgen.com/chillgen_20260907_01/evidence/images/B015/custom-halloween-3d-optical-illusion-round-rug-skeleton-h-design-107__img_03.jpg,alt_current_empty_in_public_json; media_export_url_unknown_without_shopify_export
B015-146,chillgen.com,custom-halloween-3d-optical-illusion-round-rug-skeleton-h-design-107,15969441186161,81245663953265,GALLERY_PUBLIC_CDN,4,,https://cdn.shopify.com/s/files/1/1023/0068/0561/files/9945ba9dc0c61dff504aeb62b17fdbb99dd0a1ad2d3f7d4e5455d3ad529ed55e.jpg?v=1786653720,UNKNOWN_WITHOUT_SHOPIFY_EXPORT,PUBLIC_JSON_MATCHED_TO_HANDLE,,VIEWED_CONTACT_SHEET_AND_LOCAL_FILE,2026-09-07T02:54:29+07:00,non-slip backing graphic for graveyard rug,,non-slip backing graphic for graveyard rug,SET,NEEDS_REVIEW,1,,,,,seo_runs/chillgen.com/chillgen_20260907_01/evidence/images/B015/custom-halloween-3d-optical-illusion-round-rug-skeleton-h-design-107__img_04.jpg,alt_current_empty_in_public_json; media_export_url_unknown_without_shopify_export
B015-146,chillgen.com,custom-halloween-3d-optical-illusion-round-rug-skeleton-h-design-107,15969441186161,81245663986033,GALLERY_PUBLIC_CDN,5,,https://cdn.shopify.com/s/files/1/1023/0068/0561/files/6d589c3d7ecbaf34dae1e3dafadf7eaacf047e001a213f05242e2cb6eac16c8d.jpg?v=1786653721,UNKNOWN_WITHOUT_SHOPIFY_EXPORT,PUBLIC_JSON_MATCHED_TO_HANDLE,,VIEWED_CONTACT_SHEET_AND_LOCAL_FILE,2026-09-07T02:54:29+07:00,graveyard illusion rug in seasonal living room,,graveyard illusion rug in seasonal living room,SET,NEEDS_REVIEW,1,,,,,seo_runs/chillgen.com/chillgen_20260907_01/evidence/images/B015/custom-halloween-3d-optical-illusion-round-rug-skeleton-h-design-107__img_05.jpg,alt_current_empty_in_public_json; media_export_url_unknown_without_shopify_export
B015-146,chillgen.com,custom-halloween-3d-optical-illusion-round-rug-skeleton-h-design-107,15969441186161,81245664018801,GALLERY_PUBLIC_CDN,6,,https://cdn.shopify.com/s/files/1/1023/0068/0561/files/46e91c98e7121c3aeaf3059f827f629d0ca99fd9ded0ce6a2a53d50cfc2d3a47.jpg?v=1786653720,UNKNOWN_WITHOUT_SHOPIFY_EXPORT,PUBLIC_JSON_MATCHED_TO_HANDLE,,VIEWED_CONTACT_SHEET_AND_LOCAL_FILE,2026-09-07T02:54:29+07:00,nonslip detail graphic for ghost pumpkin rug,,nonslip detail graphic for ghost pumpkin rug,SET,NEEDS_REVIEW,1,,,,,seo_runs/chillgen.com/chillgen_20260907_01/evidence/images/B015/custom-halloween-3d-optical-illusion-round-rug-skeleton-h-design-107__img_06.jpg,alt_current_empty_in_public_json; media_export_url_unknown_without_shopify_export
B015-146,chillgen.com,custom-halloween-3d-optical-illusion-round-rug-skeleton-h-design-107,15969441186161,81245664051569,GALLERY_PUBLIC_CDN,7,,https://cdn.shopify.com/s/files/1/1023/0068/0561/files/c59a9e89ea25de06652ed39b1474ebd9f9ff2d972b6c11e1fc985d0bd515daaf.jpg?v=1786653720,UNKNOWN_WITHOUT_SHOPIFY_EXPORT,PUBLIC_JSON_MATCHED_TO_HANDLE,,VIEWED_CONTACT_SHEET_AND_LOCAL_FILE,2026-09-07T02:54:29+07:00,graveyard checkerboard rug under dining table,,graveyard checkerboard rug under dining table,SET,NEEDS_REVIEW,1,,,,,seo_runs/chillgen.com/chillgen_20260907_01/evidence/images/B015/custom-halloween-3d-optical-illusion-round-rug-skeleton-h-design-107__img_07.jpg,alt_current_empty_in_public_json; media_export_url_unknown_without_shopify_export
B015-146,chillgen.com,custom-halloween-3d-optical-illusion-round-rug-skeleton-h-design-107,15969441186161,81245664084337,GALLERY_PUBLIC_CDN,8,,https://cdn.shopify.com/s/files/1/1023/0068/0561/files/30b301a3e40fede66f492640f6b06cb7b94df481e8046c5b1103fae6111bc9b5.jpg?v=1786653721,UNKNOWN_WITHOUT_SHOPIFY_EXPORT,PUBLIC_JSON_MATCHED_TO_HANDLE,,VIEWED_CONTACT_SHEET_AND_LOCAL_FILE,2026-09-07T02:54:29+07:00,child sitting near Halloween checkerboard illusion rug,,child sitting near Halloween checkerboard illusion rug,SET,NEEDS_REVIEW,1,,,,,seo_runs/chillgen.com/chillgen_20260907_01/evidence/images/B015/custom-halloween-3d-optical-illusion-round-rug-skeleton-h-design-107__img_08.jpg,alt_current_empty_in_public_json; media_export_url_unknown_without_shopify_export
B015-147,chillgen.com,custom-halloween-3d-optical-illusion-round-rug-skeleton-h-design-108,15969441284465,81245665722737,GALLERY_PUBLIC_CDN,1,,https://cdn.shopify.com/s/files/1/1023/0068/0561/files/92dac490f4f25ff00e7562c20a0e6327cd827279d1831da1894428cca48f7a32.jpg?v=1786653738,UNKNOWN_WITHOUT_SHOPIFY_EXPORT,PUBLIC_JSON_MATCHED_TO_HANDLE,,VIEWED_CONTACT_SHEET_AND_LOCAL_FILE,2026-09-07T02:54:29+07:00,haunted path ghost pumpkin rug overhead view,,haunted path ghost pumpkin rug overhead view,SET,NEEDS_REVIEW,1,,,,,seo_runs/chillgen.com/chillgen_20260907_01/evidence/images/B015/custom-halloween-3d-optical-illusion-round-rug-skeleton-h-design-108__img_01.jpg,alt_current_empty_in_public_json; media_export_url_unknown_without_shopify_export
B015-147,chillgen.com,custom-halloween-3d-optical-illusion-round-rug-skeleton-h-design-108,15969441284465,81245665755505,GALLERY_PUBLIC_CDN,2,,https://cdn.shopify.com/s/files/1/1023/0068/0561/files/26eadd2e959afde45b966d412bfa471fc6b71f807be1c6e52c82692c9f69e763.jpg?v=1786653738,UNKNOWN_WITHOUT_SHOPIFY_EXPORT,PUBLIC_JSON_MATCHED_TO_HANDLE,,VIEWED_CONTACT_SHEET_AND_LOCAL_FILE,2026-09-07T02:54:29+07:00,size guide for haunted path Halloween rug,,size guide for haunted path Halloween rug,SET,NEEDS_REVIEW,1,,,,,seo_runs/chillgen.com/chillgen_20260907_01/evidence/images/B015/custom-halloween-3d-optical-illusion-round-rug-skeleton-h-design-108__img_02.jpg,alt_current_empty_in_public_json; media_export_url_unknown_without_shopify_export
B015-147,chillgen.com,custom-halloween-3d-optical-illusion-round-rug-skeleton-h-design-108,15969441284465,81245665788273,GALLERY_PUBLIC_CDN,3,,https://cdn.shopify.com/s/files/1/1023/0068/0561/files/85e99682691d987c97a9d07998cb78727f2b0186b656cc230eea2bfcca4665e1.jpg?v=1786653738,UNKNOWN_WITHOUT_SHOPIFY_EXPORT,PUBLIC_JSON_MATCHED_TO_HANDLE,,VIEWED_CONTACT_SHEET_AND_LOCAL_FILE,2026-09-07T02:54:29+07:00,ghost pumpkin rug near fireplace and pumpkins,,ghost pumpkin rug near fireplace and pumpkins,SET,NEEDS_REVIEW,1,,,,,seo_runs/chillgen.com/chillgen_20260907_01/evidence/images/B015/custom-halloween-3d-optical-illusion-round-rug-skeleton-h-design-108__img_03.jpg,alt_current_empty_in_public_json; media_export_url_unknown_without_shopify_export
B015-147,chillgen.com,custom-halloween-3d-optical-illusion-round-rug-skeleton-h-design-108,15969441284465,81245665821041,GALLERY_PUBLIC_CDN,4,,https://cdn.shopify.com/s/files/1/1023/0068/0561/files/1e5e255c832a680dc2cc062e92e25bba6c6bcba92e45e9c9bdf88c0ad7c21141.jpg?v=1786653738,UNKNOWN_WITHOUT_SHOPIFY_EXPORT,PUBLIC_JSON_MATCHED_TO_HANDLE,,VIEWED_CONTACT_SHEET_AND_LOCAL_FILE,2026-09-07T02:54:29+07:00,non-slip backing graphic for haunted path rug,,non-slip backing graphic for haunted path rug,SET,NEEDS_REVIEW,1,,,,,seo_runs/chillgen.com/chillgen_20260907_01/evidence/images/B015/custom-halloween-3d-optical-illusion-round-rug-skeleton-h-design-108__img_04.jpg,alt_current_empty_in_public_json; media_export_url_unknown_without_shopify_export
B015-147,chillgen.com,custom-halloween-3d-optical-illusion-round-rug-skeleton-h-design-108,15969441284465,81245665853809,GALLERY_PUBLIC_CDN,5,,https://cdn.shopify.com/s/files/1/1023/0068/0561/files/cd10f0bfade3283fc38e8c169d0bd1715967ea279e0546e81f93bdf872dd871c.jpg?v=1786653738,UNKNOWN_WITHOUT_SHOPIFY_EXPORT,PUBLIC_JSON_MATCHED_TO_HANDLE,,VIEWED_CONTACT_SHEET_AND_LOCAL_FILE,2026-09-07T02:54:29+07:00,haunted path rug in seasonal living room,,haunted path rug in seasonal living room,SET,NEEDS_REVIEW,1,,,,,seo_runs/chillgen.com/chillgen_20260907_01/evidence/images/B015/custom-halloween-3d-optical-illusion-round-rug-skeleton-h-design-108__img_05.jpg,alt_current_empty_in_public_json; media_export_url_unknown_without_shopify_export
B015-147,chillgen.com,custom-halloween-3d-optical-illusion-round-rug-skeleton-h-design-108,15969441284465,81245665886577,GALLERY_PUBLIC_CDN,6,,https://cdn.shopify.com/s/files/1/1023/0068/0561/files/27b4004e171ae5385fbc11614c0155c28678d40d9cd88558f6960f0dff322fa8.jpg?v=1786653738,UNKNOWN_WITHOUT_SHOPIFY_EXPORT,PUBLIC_JSON_MATCHED_TO_HANDLE,,VIEWED_CONTACT_SHEET_AND_LOCAL_FILE,2026-09-07T02:54:29+07:00,nonslip detail graphic for ghost pumpkin rug,,nonslip detail graphic for ghost pumpkin rug,SET,NEEDS_REVIEW,1,,,,,seo_runs/chillgen.com/chillgen_20260907_01/evidence/images/B015/custom-halloween-3d-optical-illusion-round-rug-skeleton-h-design-108__img_06.jpg,alt_current_empty_in_public_json; media_export_url_unknown_without_shopify_export
B015-147,chillgen.com,custom-halloween-3d-optical-illusion-round-rug-skeleton-h-design-108,15969441284465,81245665919345,GALLERY_PUBLIC_CDN,7,,https://cdn.shopify.com/s/files/1/1023/0068/0561/files/ed86f7712df3f304ca7568116183b716de440a0258e1af2bd32640d53d247f72.jpg?v=1786653738,UNKNOWN_WITHOUT_SHOPIFY_EXPORT,PUBLIC_JSON_MATCHED_TO_HANDLE,,VIEWED_CONTACT_SHEET_AND_LOCAL_FILE,2026-09-07T02:54:29+07:00,haunted path rug under dining table,,haunted path rug under dining table,SET,NEEDS_REVIEW,1,,,,,seo_runs/chillgen.com/chillgen_20260907_01/evidence/images/B015/custom-halloween-3d-optical-illusion-round-rug-skeleton-h-design-108__img_07.jpg,alt_current_empty_in_public_json; media_export_url_unknown_without_shopify_export
B015-147,chillgen.com,custom-halloween-3d-optical-illusion-round-rug-skeleton-h-design-108,15969441284465,81245665952113,GALLERY_PUBLIC_CDN,8,,https://cdn.shopify.com/s/files/1/1023/0068/0561/files/58ec31c504d7082dada6fa21cb04c69bbe882908984bf75ae5756ceb2e460c96.jpg?v=1786653738,UNKNOWN_WITHOUT_SHOPIFY_EXPORT,PUBLIC_JSON_MATCHED_TO_HANDLE,,VIEWED_CONTACT_SHEET_AND_LOCAL_FILE,2026-09-07T02:54:29+07:00,child sitting near haunted house Halloween rug,,child sitting near haunted house Halloween rug,SET,NEEDS_REVIEW,1,,,,,seo_runs/chillgen.com/chillgen_20260907_01/evidence/images/B015/custom-halloween-3d-optical-illusion-round-rug-skeleton-h-design-108__img_08.jpg,alt_current_empty_in_public_json; media_export_url_unknown_without_shopify_export
B015-148,chillgen.com,custom-halloween-3d-optical-illusion-round-rug-skeleton-h-design-109,15969441350001,81245667426673,GALLERY_PUBLIC_CDN,1,,https://cdn.shopify.com/s/files/1/1023/0068/0561/files/f277afa1d320d705e9601065e7295e3adf0b33a55e5348304b55412355f6c651.jpg?v=1786653755,UNKNOWN_WITHOUT_SHOPIFY_EXPORT,PUBLIC_JSON_MATCHED_TO_HANDLE,,VIEWED_CONTACT_SHEET_AND_LOCAL_FILE,2026-09-07T02:54:29+07:00,corgi haunted castle Halloween rug overhead view,,corgi haunted castle Halloween rug overhead view,SET,NEEDS_REVIEW,1,,,,,seo_runs/chillgen.com/chillgen_20260907_01/evidence/images/B015/custom-halloween-3d-optical-illusion-round-rug-skeleton-h-design-109__img_01.jpg,alt_current_empty_in_public_json; media_export_url_unknown_without_shopify_export
B015-148,chillgen.com,custom-halloween-3d-optical-illusion-round-rug-skeleton-h-design-109,15969441350001,81245667459441,GALLERY_PUBLIC_CDN,2,,https://cdn.shopify.com/s/files/1/1023/0068/0561/files/3d38dee82c4c1b675bd827a9a7cfc27af7b0b8c763105b2fd29fc3dd134399b9.jpg?v=1786653755,UNKNOWN_WITHOUT_SHOPIFY_EXPORT,PUBLIC_JSON_MATCHED_TO_HANDLE,,VIEWED_CONTACT_SHEET_AND_LOCAL_FILE,2026-09-07T02:54:29+07:00,size guide for corgi Halloween round rug,,size guide for corgi Halloween round rug,SET,NEEDS_REVIEW,1,,,,,seo_runs/chillgen.com/chillgen_20260907_01/evidence/images/B015/custom-halloween-3d-optical-illusion-round-rug-skeleton-h-design-109__img_02.jpg,alt_current_empty_in_public_json; media_export_url_unknown_without_shopify_export
B015-148,chillgen.com,custom-halloween-3d-optical-illusion-round-rug-skeleton-h-design-109,15969441350001,81245667492209,GALLERY_PUBLIC_CDN,3,,https://cdn.shopify.com/s/files/1/1023/0068/0561/files/cde02b1a65f3e108514343397ed3735e18231d0ca34244267bcb5e108ea8cdb7.jpg?v=1786653755,UNKNOWN_WITHOUT_SHOPIFY_EXPORT,PUBLIC_JSON_MATCHED_TO_HANDLE,,VIEWED_CONTACT_SHEET_AND_LOCAL_FILE,2026-09-07T02:54:29+07:00,corgi haunted castle rug near fireplace,,corgi haunted castle rug near fireplace,SET,NEEDS_REVIEW,1,,,,,seo_runs/chillgen.com/chillgen_20260907_01/evidence/images/B015/custom-halloween-3d-optical-illusion-round-rug-skeleton-h-design-109__img_03.jpg,alt_current_empty_in_public_json; media_export_url_unknown_without_shopify_export
B015-148,chillgen.com,custom-halloween-3d-optical-illusion-round-rug-skeleton-h-design-109,15969441350001,81245667524977,GALLERY_PUBLIC_CDN,4,,https://cdn.shopify.com/s/files/1/1023/0068/0561/files/45faf7535d18c8062328ed8d69c2e533e77cb126bf13972d9204d8efc248c27e.jpg?v=1786653755,UNKNOWN_WITHOUT_SHOPIFY_EXPORT,PUBLIC_JSON_MATCHED_TO_HANDLE,,VIEWED_CONTACT_SHEET_AND_LOCAL_FILE,2026-09-07T02:54:29+07:00,non-slip backing graphic for corgi rug,,non-slip backing graphic for corgi rug,SET,NEEDS_REVIEW,1,,,,,seo_runs/chillgen.com/chillgen_20260907_01/evidence/images/B015/custom-halloween-3d-optical-illusion-round-rug-skeleton-h-design-109__img_04.jpg,alt_current_empty_in_public_json; media_export_url_unknown_without_shopify_export
B015-148,chillgen.com,custom-halloween-3d-optical-illusion-round-rug-skeleton-h-design-109,15969441350001,81245667557745,GALLERY_PUBLIC_CDN,5,,https://cdn.shopify.com/s/files/1/1023/0068/0561/files/93be6b568d6e0804773766bb60916cf0de2d99c1371cd36ee4f6731d48271aad.jpg?v=1786653756,UNKNOWN_WITHOUT_SHOPIFY_EXPORT,PUBLIC_JSON_MATCHED_TO_HANDLE,,VIEWED_CONTACT_SHEET_AND_LOCAL_FILE,2026-09-07T02:54:29+07:00,corgi Halloween rug in seasonal living room,,corgi Halloween rug in seasonal living room,SET,NEEDS_REVIEW,1,,,,,seo_runs/chillgen.com/chillgen_20260907_01/evidence/images/B015/custom-halloween-3d-optical-illusion-round-rug-skeleton-h-design-109__img_05.jpg,alt_current_empty_in_public_json; media_export_url_unknown_without_shopify_export
B015-148,chillgen.com,custom-halloween-3d-optical-illusion-round-rug-skeleton-h-design-109,15969441350001,81245667590513,GALLERY_PUBLIC_CDN,6,,https://cdn.shopify.com/s/files/1/1023/0068/0561/files/5fe80fee4e9f35ace4e1f58cf8a7645139fe181c8a08739326683b0a7061f489.jpg?v=1786653755,UNKNOWN_WITHOUT_SHOPIFY_EXPORT,PUBLIC_JSON_MATCHED_TO_HANDLE,,VIEWED_CONTACT_SHEET_AND_LOCAL_FILE,2026-09-07T02:54:29+07:00,nonslip detail graphic for Halloween dog rug,,nonslip detail graphic for Halloween dog rug,SET,NEEDS_REVIEW,1,,,,,seo_runs/chillgen.com/chillgen_20260907_01/evidence/images/B015/custom-halloween-3d-optical-illusion-round-rug-skeleton-h-design-109__img_06.jpg,alt_current_empty_in_public_json; media_export_url_unknown_without_shopify_export
B015-148,chillgen.com,custom-halloween-3d-optical-illusion-round-rug-skeleton-h-design-109,15969441350001,81245667623281,GALLERY_PUBLIC_CDN,7,,https://cdn.shopify.com/s/files/1/1023/0068/0561/files/dbeb379bc9a89e050d8a0361fef12a5f9e12435f3ea8a05c4d5134e410f4061e.jpg?v=1786653756,UNKNOWN_WITHOUT_SHOPIFY_EXPORT,PUBLIC_JSON_MATCHED_TO_HANDLE,,VIEWED_CONTACT_SHEET_AND_LOCAL_FILE,2026-09-07T02:54:29+07:00,corgi haunted castle rug under dining table,,corgi haunted castle rug under dining table,SET,NEEDS_REVIEW,1,,,,,seo_runs/chillgen.com/chillgen_20260907_01/evidence/images/B015/custom-halloween-3d-optical-illusion-round-rug-skeleton-h-design-109__img_07.jpg,alt_current_empty_in_public_json; media_export_url_unknown_without_shopify_export
B015-148,chillgen.com,custom-halloween-3d-optical-illusion-round-rug-skeleton-h-design-109,15969441350001,81245667656049,GALLERY_PUBLIC_CDN,8,,https://cdn.shopify.com/s/files/1/1023/0068/0561/files/e64d91fd0e8f8d69a8b5b37f47a5bf616a067a36e393f894ef22c05983db5e4c.jpg?v=1786653755,UNKNOWN_WITHOUT_SHOPIFY_EXPORT,PUBLIC_JSON_MATCHED_TO_HANDLE,,VIEWED_CONTACT_SHEET_AND_LOCAL_FILE,2026-09-07T02:54:29+07:00,child sitting near corgi Halloween rug,,child sitting near corgi Halloween rug,SET,NEEDS_REVIEW,1,,,,,seo_runs/chillgen.com/chillgen_20260907_01/evidence/images/B015/custom-halloween-3d-optical-illusion-round-rug-skeleton-h-design-109__img_08.jpg,alt_current_empty_in_public_json; media_export_url_unknown_without_shopify_export
B015-149,chillgen.com,custom-halloween-3d-optical-illusion-round-rug-skeleton-h-design-110,15969441382769,81245671162225,GALLERY_PUBLIC_CDN,1,,https://cdn.shopify.com/s/files/1/1023/0068/0561/files/86c9e49455a0fa09faeb1ca6b93edd9f3e997130e789463ba240a7d722d814c1.jpg?v=1786653770,UNKNOWN_WITHOUT_SHOPIFY_EXPORT,PUBLIC_JSON_MATCHED_TO_HANDLE,,VIEWED_CONTACT_SHEET_AND_LOCAL_FILE,2026-09-07T02:54:29+07:00,bat vortex Halloween rug overhead view,,bat vortex Halloween rug overhead view,SET,NEEDS_REVIEW,1,,,,,seo_runs/chillgen.com/chillgen_20260907_01/evidence/images/B015/custom-halloween-3d-optical-illusion-round-rug-skeleton-h-design-110__img_01.jpg,alt_current_empty_in_public_json; media_export_url_unknown_without_shopify_export
B015-149,chillgen.com,custom-halloween-3d-optical-illusion-round-rug-skeleton-h-design-110,15969441382769,81245671194993,GALLERY_PUBLIC_CDN,2,,https://cdn.shopify.com/s/files/1/1023/0068/0561/files/ba32f6cf7ca776447b4a3ee7616cb91b88520d0b6283ac10d79ed6aa867d0afd.jpg?v=1786653770,UNKNOWN_WITHOUT_SHOPIFY_EXPORT,PUBLIC_JSON_MATCHED_TO_HANDLE,,VIEWED_CONTACT_SHEET_AND_LOCAL_FILE,2026-09-07T02:54:29+07:00,size guide for bat vortex round rug,,size guide for bat vortex round rug,SET,NEEDS_REVIEW,1,,,,,seo_runs/chillgen.com/chillgen_20260907_01/evidence/images/B015/custom-halloween-3d-optical-illusion-round-rug-skeleton-h-design-110__img_02.jpg,alt_current_empty_in_public_json; media_export_url_unknown_without_shopify_export
B015-149,chillgen.com,custom-halloween-3d-optical-illusion-round-rug-skeleton-h-design-110,15969441382769,81245671227761,GALLERY_PUBLIC_CDN,3,,https://cdn.shopify.com/s/files/1/1023/0068/0561/files/ae355dac4aa2cec55e44d9169809d8f5862f9e3c78cb49085223dfb5fc160ec4.jpg?v=1786653770,UNKNOWN_WITHOUT_SHOPIFY_EXPORT,PUBLIC_JSON_MATCHED_TO_HANDLE,,VIEWED_CONTACT_SHEET_AND_LOCAL_FILE,2026-09-07T02:54:29+07:00,bat vortex rug near fireplace and pumpkins,,bat vortex rug near fireplace and pumpkins,SET,NEEDS_REVIEW,1,,,,,seo_runs/chillgen.com/chillgen_20260907_01/evidence/images/B015/custom-halloween-3d-optical-illusion-round-rug-skeleton-h-design-110__img_03.jpg,alt_current_empty_in_public_json; media_export_url_unknown_without_shopify_export
B015-149,chillgen.com,custom-halloween-3d-optical-illusion-round-rug-skeleton-h-design-110,15969441382769,81245671260529,GALLERY_PUBLIC_CDN,4,,https://cdn.shopify.com/s/files/1/1023/0068/0561/files/7934d3eca575db23cc8a4803589bfafe23714fe7d8c9a35c5be4820bc3817fd5.jpg?v=1786653770,UNKNOWN_WITHOUT_SHOPIFY_EXPORT,PUBLIC_JSON_MATCHED_TO_HANDLE,,VIEWED_CONTACT_SHEET_AND_LOCAL_FILE,2026-09-07T02:54:29+07:00,non-slip backing graphic for bat vortex rug,,non-slip backing graphic for bat vortex rug,SET,NEEDS_REVIEW,1,,,,,seo_runs/chillgen.com/chillgen_20260907_01/evidence/images/B015/custom-halloween-3d-optical-illusion-round-rug-skeleton-h-design-110__img_04.jpg,alt_current_empty_in_public_json; media_export_url_unknown_without_shopify_export
B015-149,chillgen.com,custom-halloween-3d-optical-illusion-round-rug-skeleton-h-design-110,15969441382769,81245671293297,GALLERY_PUBLIC_CDN,5,,https://cdn.shopify.com/s/files/1/1023/0068/0561/files/8ff8c158c6610a932ee46eece08e94204312c2dc07e9f7e0caac4c59064dde7d.jpg?v=1786653770,UNKNOWN_WITHOUT_SHOPIFY_EXPORT,PUBLIC_JSON_MATCHED_TO_HANDLE,,VIEWED_CONTACT_SHEET_AND_LOCAL_FILE,2026-09-07T02:54:29+07:00,bat vortex rug in seasonal living room,,bat vortex rug in seasonal living room,SET,NEEDS_REVIEW,1,,,,,seo_runs/chillgen.com/chillgen_20260907_01/evidence/images/B015/custom-halloween-3d-optical-illusion-round-rug-skeleton-h-design-110__img_05.jpg,alt_current_empty_in_public_json; media_export_url_unknown_without_shopify_export
B015-149,chillgen.com,custom-halloween-3d-optical-illusion-round-rug-skeleton-h-design-110,15969441382769,81245671326065,GALLERY_PUBLIC_CDN,6,,https://cdn.shopify.com/s/files/1/1023/0068/0561/files/e4c8ea4ed799298c044ba8ffe8dc00644dfaa21bfbe33566d4a9106a776a4b80.jpg?v=1786653770,UNKNOWN_WITHOUT_SHOPIFY_EXPORT,PUBLIC_JSON_MATCHED_TO_HANDLE,,VIEWED_CONTACT_SHEET_AND_LOCAL_FILE,2026-09-07T02:54:29+07:00,nonslip detail graphic for optical illusion bat rug,,nonslip detail graphic for optical illusion bat rug,SET,NEEDS_REVIEW,1,,,,,seo_runs/chillgen.com/chillgen_20260907_01/evidence/images/B015/custom-halloween-3d-optical-illusion-round-rug-skeleton-h-design-110__img_06.jpg,alt_current_empty_in_public_json; media_export_url_unknown_without_shopify_export
B015-149,chillgen.com,custom-halloween-3d-optical-illusion-round-rug-skeleton-h-design-110,15969441382769,81245671358833,GALLERY_PUBLIC_CDN,7,,https://cdn.shopify.com/s/files/1/1023/0068/0561/files/caba9f7cfc306ed5b78f80a0f10736052c5001f086f4138f48a92616a8ca840c.jpg?v=1786653770,UNKNOWN_WITHOUT_SHOPIFY_EXPORT,PUBLIC_JSON_MATCHED_TO_HANDLE,,VIEWED_CONTACT_SHEET_AND_LOCAL_FILE,2026-09-07T02:54:29+07:00,bat vortex rug under dining table,,bat vortex rug under dining table,SET,NEEDS_REVIEW,1,,,,,seo_runs/chillgen.com/chillgen_20260907_01/evidence/images/B015/custom-halloween-3d-optical-illusion-round-rug-skeleton-h-design-110__img_07.jpg,alt_current_empty_in_public_json; media_export_url_unknown_without_shopify_export
B015-149,chillgen.com,custom-halloween-3d-optical-illusion-round-rug-skeleton-h-design-110,15969441382769,81245671391601,GALLERY_PUBLIC_CDN,8,,https://cdn.shopify.com/s/files/1/1023/0068/0561/files/393ee6188e6bc03fabbfd9fdeca9593bbf321840d46d71f5ec8703b4f3c650af.jpg?v=1786653770,UNKNOWN_WITHOUT_SHOPIFY_EXPORT,PUBLIC_JSON_MATCHED_TO_HANDLE,,VIEWED_CONTACT_SHEET_AND_LOCAL_FILE,2026-09-07T02:54:29+07:00,child sitting near colorful Halloween vortex rug,,child sitting near colorful Halloween vortex rug,SET,NEEDS_REVIEW,1,,,,,seo_runs/chillgen.com/chillgen_20260907_01/evidence/images/B015/custom-halloween-3d-optical-illusion-round-rug-skeleton-h-design-110__img_08.jpg,alt_current_empty_in_public_json; media_export_url_unknown_without_shopify_export
B015-150,chillgen.com,custom-halloween-3d-optical-illusion-round-rug-skeleton-h-design-111,15969442267505,81245676700017,GALLERY_PUBLIC_CDN,1,,https://cdn.shopify.com/s/files/1/1023/0068/0561/files/baedc1bb87232bd55acb3c6933342de7733271515b6fcdcf7b26d9097bc55a87.jpg?v=1786653786,UNKNOWN_WITHOUT_SHOPIFY_EXPORT,PUBLIC_JSON_MATCHED_TO_HANDLE,,VIEWED_CONTACT_SHEET_AND_LOCAL_FILE,2026-09-07T02:54:29+07:00,purple haunted village Halloween rug overhead view,,purple haunted village Halloween rug overhead view,SET,NEEDS_REVIEW,1,,,,,seo_runs/chillgen.com/chillgen_20260907_01/evidence/images/B015/custom-halloween-3d-optical-illusion-round-rug-skeleton-h-design-111__img_01.jpg,alt_current_empty_in_public_json; media_export_url_unknown_without_shopify_export
B015-150,chillgen.com,custom-halloween-3d-optical-illusion-round-rug-skeleton-h-design-111,15969442267505,81245676732785,GALLERY_PUBLIC_CDN,2,,https://cdn.shopify.com/s/files/1/1023/0068/0561/files/3ead8c43604339519f5f34dc63a116bf38d5096818028ac0b234635fbf74c0a9.jpg?v=1786653786,UNKNOWN_WITHOUT_SHOPIFY_EXPORT,PUBLIC_JSON_MATCHED_TO_HANDLE,,VIEWED_CONTACT_SHEET_AND_LOCAL_FILE,2026-09-07T02:54:29+07:00,size guide for purple haunted village rug,,size guide for purple haunted village rug,SET,NEEDS_REVIEW,1,,,,,seo_runs/chillgen.com/chillgen_20260907_01/evidence/images/B015/custom-halloween-3d-optical-illusion-round-rug-skeleton-h-design-111__img_02.jpg,alt_current_empty_in_public_json; media_export_url_unknown_without_shopify_export
B015-150,chillgen.com,custom-halloween-3d-optical-illusion-round-rug-skeleton-h-design-111,15969442267505,81245676765553,GALLERY_PUBLIC_CDN,3,,https://cdn.shopify.com/s/files/1/1023/0068/0561/files/50249852571bbda5f6666274b3b30e58959bf1e262fd55156d22e5603a649de2.jpg?v=1786653786,UNKNOWN_WITHOUT_SHOPIFY_EXPORT,PUBLIC_JSON_MATCHED_TO_HANDLE,,VIEWED_CONTACT_SHEET_AND_LOCAL_FILE,2026-09-07T02:54:29+07:00,haunted village rug near fireplace and pumpkins,,haunted village rug near fireplace and pumpkins,SET,NEEDS_REVIEW,1,,,,,seo_runs/chillgen.com/chillgen_20260907_01/evidence/images/B015/custom-halloween-3d-optical-illusion-round-rug-skeleton-h-design-111__img_03.jpg,alt_current_empty_in_public_json; media_export_url_unknown_without_shopify_export
B015-150,chillgen.com,custom-halloween-3d-optical-illusion-round-rug-skeleton-h-design-111,15969442267505,81245676798321,GALLERY_PUBLIC_CDN,4,,https://cdn.shopify.com/s/files/1/1023/0068/0561/files/8dee83125387abee3547cd2ba2bb1aa6d3110c982942cd18efe77ce9d69a649a.jpg?v=1786653786,UNKNOWN_WITHOUT_SHOPIFY_EXPORT,PUBLIC_JSON_MATCHED_TO_HANDLE,,VIEWED_CONTACT_SHEET_AND_LOCAL_FILE,2026-09-07T02:54:29+07:00,non-slip backing graphic for purple haunted rug,,non-slip backing graphic for purple haunted rug,SET,NEEDS_REVIEW,1,,,,,seo_runs/chillgen.com/chillgen_20260907_01/evidence/images/B015/custom-halloween-3d-optical-illusion-round-rug-skeleton-h-design-111__img_04.jpg,alt_current_empty_in_public_json; media_export_url_unknown_without_shopify_export
B015-150,chillgen.com,custom-halloween-3d-optical-illusion-round-rug-skeleton-h-design-111,15969442267505,81245676831089,GALLERY_PUBLIC_CDN,5,,https://cdn.shopify.com/s/files/1/1023/0068/0561/files/31f82cfaf8cc2383f196f8cc5700188f9af7461b2ed1198867f6bf3615801b0e.jpg?v=1786653786,UNKNOWN_WITHOUT_SHOPIFY_EXPORT,PUBLIC_JSON_MATCHED_TO_HANDLE,,VIEWED_CONTACT_SHEET_AND_LOCAL_FILE,2026-09-07T02:54:29+07:00,purple haunted village rug in seasonal living room,,purple haunted village rug in seasonal living room,SET,NEEDS_REVIEW,1,,,,,seo_runs/chillgen.com/chillgen_20260907_01/evidence/images/B015/custom-halloween-3d-optical-illusion-round-rug-skeleton-h-design-111__img_05.jpg,alt_current_empty_in_public_json; media_export_url_unknown_without_shopify_export
B015-150,chillgen.com,custom-halloween-3d-optical-illusion-round-rug-skeleton-h-design-111,15969442267505,81245676863857,GALLERY_PUBLIC_CDN,6,,https://cdn.shopify.com/s/files/1/1023/0068/0561/files/661853eeace971fbeac5e2d6e11f99dcea895bee41985e4d279c1145ff60a5f3.jpg?v=1786653786,UNKNOWN_WITHOUT_SHOPIFY_EXPORT,PUBLIC_JSON_MATCHED_TO_HANDLE,,VIEWED_CONTACT_SHEET_AND_LOCAL_FILE,2026-09-07T02:54:29+07:00,nonslip detail graphic for haunted village rug,,nonslip detail graphic for haunted village rug,SET,NEEDS_REVIEW,1,,,,,seo_runs/chillgen.com/chillgen_20260907_01/evidence/images/B015/custom-halloween-3d-optical-illusion-round-rug-skeleton-h-design-111__img_06.jpg,alt_current_empty_in_public_json; media_export_url_unknown_without_shopify_export
B015-150,chillgen.com,custom-halloween-3d-optical-illusion-round-rug-skeleton-h-design-111,15969442267505,81245676896625,GALLERY_PUBLIC_CDN,7,,https://cdn.shopify.com/s/files/1/1023/0068/0561/files/1590c11ab9ad42acd9488967df05db744098f39dc1484a2746c48b44117cac93.jpg?v=1786653786,UNKNOWN_WITHOUT_SHOPIFY_EXPORT,PUBLIC_JSON_MATCHED_TO_HANDLE,,VIEWED_CONTACT_SHEET_AND_LOCAL_FILE,2026-09-07T02:54:29+07:00,purple haunted rug under dining table,,purple haunted rug under dining table,SET,NEEDS_REVIEW,1,,,,,seo_runs/chillgen.com/chillgen_20260907_01/evidence/images/B015/custom-halloween-3d-optical-illusion-round-rug-skeleton-h-design-111__img_07.jpg,alt_current_empty_in_public_json; media_export_url_unknown_without_shopify_export
B015-150,chillgen.com,custom-halloween-3d-optical-illusion-round-rug-skeleton-h-design-111,15969442267505,81245676929393,GALLERY_PUBLIC_CDN,8,,https://cdn.shopify.com/s/files/1/1023/0068/0561/files/5601e5e3a52fee2566d3d90879e13b8a4c26ae2ce43f78999ca3dd886910a8e9.jpg?v=1786653786,UNKNOWN_WITHOUT_SHOPIFY_EXPORT,PUBLIC_JSON_MATCHED_TO_HANDLE,,VIEWED_CONTACT_SHEET_AND_LOCAL_FILE,2026-09-07T02:54:29+07:00,child sitting near haunted village Halloween rug,,child sitting near haunted village Halloween rug,SET,NEEDS_REVIEW,1,,,,,seo_runs/chillgen.com/chillgen_20260907_01/evidence/images/B015/custom-halloween-3d-optical-illusion-round-rug-skeleton-h-design-111__img_08.jpg,alt_current_empty_in_public_json; media_export_url_unknown_without_shopify_export
