run_id,Handle,product_key,product_id,product_gid,public_url,public_json_source,title_public_json,title_inventory,variant_count_inventory,variant_count_public_json,image_count_inventory,image_count_public_json,identity_status,identity_method,checked_at
chillgen_20260911_01,custom-christian-floral-cross-area-rug-non-skid-church-decor,chillgen.com::custom-christian-floral-cross-area-rug-non-skid-church-decor,16000581763441,gid://shopify/Product/16000581763441,https://chillgen.com/products/custom-christian-floral-cross-area-rug-non-skid-church-decor,https://chillgen.com/products.json?limit=250&page=1,"Custom Christian Floral Cross Area Rug, Non-Skid, Church Decor","Custom Christian Floral Cross Area Rug, Non-Skid, Church Decor",4,4,6,6,VERIFIED,PUBLIC_PRODUCTS_JSON_HANDLE_MATCH_AFTER_ACTIVATION,2026-09-11T07:05:58Z
chillgen_20260911_01,custom-ornate-floral-gold-cross-area-rug-non-skid,chillgen.com::custom-ornate-floral-gold-cross-area-rug-non-skid,16000581861745,gid://shopify/Product/16000581861745,https://chillgen.com/products/custom-ornate-floral-gold-cross-area-rug-non-skid,https://chillgen.com/products.json?limit=250&page=1,"Custom Ornate Floral Gold Cross Area Rug, Non-Skid","Custom Ornate Floral Gold Cross Area Rug, Non-Skid",4,4,6,6,VERIFIED,PUBLIC_PRODUCTS_JSON_HANDLE_MATCH_AFTER_ACTIVATION,2026-09-11T07:05:58Z
chillgen_20260911_01,custom-ornate-christian-floral-area-rug-non-skid-church-design-06,chillgen.com::custom-ornate-christian-floral-area-rug-non-skid-church-design-06,16000581894513,gid://shopify/Product/16000581894513,https://chillgen.com/products/custom-ornate-christian-floral-area-rug-non-skid-church-design-06,https://chillgen.com/products.json?limit=250&page=1,"Custom Ornate Christian Floral Area Rug, Non-Skid, Church - Design 06","Custom Ornate Christian Floral Area Rug, Non-Skid, Church - Design 06",4,4,6,6,VERIFIED,PUBLIC_PRODUCTS_JSON_HANDLE_MATCH_AFTER_ACTIVATION,2026-09-11T07:05:58Z
chillgen_20260911_01,custom-ornate-golden-cross-crucifixion-area-rug-non-skid,chillgen.com::custom-ornate-golden-cross-crucifixion-area-rug-non-skid,16000582484337,gid://shopify/Product/16000582484337,https://chillgen.com/products/custom-ornate-golden-cross-crucifixion-area-rug-non-skid,https://chillgen.com/products.json?limit=250&page=1,"Custom Ornate Golden Cross Crucifixion Area Rug, Non-Skid","Custom Ornate Golden Cross Crucifixion Area Rug, Non-Skid",4,4,6,6,VERIFIED,PUBLIC_PRODUCTS_JSON_HANDLE_MATCH_AFTER_ACTIVATION,2026-09-11T07:05:58Z
chillgen_20260911_01,custom-red-gold-ornate-cross-area-rug-non-skid-church-decor,chillgen.com::custom-red-gold-ornate-cross-area-rug-non-skid-church-decor,16000582582641,gid://shopify/Product/16000582582641,https://chillgen.com/products/custom-red-gold-ornate-cross-area-rug-non-skid-church-decor,https://chillgen.com/products.json?limit=250&page=1,"Custom Red Gold Ornate Cross Area Rug, Non-Skid, Church Decor","Custom Red Gold Ornate Cross Area Rug, Non-Skid, Church Decor",4,4,6,6,VERIFIED,PUBLIC_PRODUCTS_JSON_HANDLE_MATCH_AFTER_ACTIVATION,2026-09-11T07:05:58Z
chillgen_20260911_01,custom-gothic-cross-radiant-heart-area-rug-non-skid,chillgen.com::custom-gothic-cross-radiant-heart-area-rug-non-skid,16000582615409,gid://shopify/Product/16000582615409,https://chillgen.com/products/custom-gothic-cross-radiant-heart-area-rug-non-skid,https://chillgen.com/products.json?limit=250&page=1,"Custom Gothic Cross Radiant Heart Area Rug, Non-Skid","Custom Gothic Cross Radiant Heart Area Rug, Non-Skid",4,4,7,7,VERIFIED,PUBLIC_PRODUCTS_JSON_HANDLE_MATCH_AFTER_ACTIVATION,2026-09-11T07:05:58Z
chillgen_20260911_01,custom-our-lady-stained-glass-flowers-area-rug-non-skid,chillgen.com::custom-our-lady-stained-glass-flowers-area-rug-non-skid,16000583795057,gid://shopify/Product/16000583795057,https://chillgen.com/products/custom-our-lady-stained-glass-flowers-area-rug-non-skid,https://chillgen.com/products.json?limit=250&page=1,"Custom Our Lady Stained Glass Flowers Area Rug, Non-Skid","Custom Our Lady Stained Glass Flowers Area Rug, Non-Skid",4,4,6,6,VERIFIED,PUBLIC_PRODUCTS_JSON_HANDLE_MATCH_AFTER_ACTIVATION,2026-09-11T07:05:58Z
chillgen_20260911_01,custom-ornate-cross-vine-border-area-rug-non-skid,chillgen.com::custom-ornate-cross-vine-border-area-rug-non-skid,16000583827825,gid://shopify/Product/16000583827825,https://chillgen.com/products/custom-ornate-cross-vine-border-area-rug-non-skid,https://chillgen.com/products.json?limit=250&page=1,"Custom Ornate Cross Vine Border Area Rug, Non-Skid","Custom Ornate Cross Vine Border Area Rug, Non-Skid",4,4,6,6,VERIFIED,PUBLIC_PRODUCTS_JSON_HANDLE_MATCH_AFTER_ACTIVATION,2026-09-11T07:05:58Z
chillgen_20260911_01,custom-ornate-cross-area-rug-non-skid-church-decor-design-01,chillgen.com::custom-ornate-cross-area-rug-non-skid-church-decor-design-01,16000583860593,gid://shopify/Product/16000583860593,https://chillgen.com/products/custom-ornate-cross-area-rug-non-skid-church-decor-design-01,https://chillgen.com/products.json?limit=250&page=1,"Custom Ornate Cross Area Rug, Non-Skid, Church Decor - Design 01","Custom Ornate Cross Area Rug, Non-Skid, Church Decor - Design 01",4,4,6,6,VERIFIED,PUBLIC_PRODUCTS_JSON_HANDLE_MATCH_AFTER_ACTIVATION,2026-09-11T07:05:58Z
chillgen_20260911_01,personalized-bigfoot-under-the-moon-area-rug-home-decor,chillgen.com::personalized-bigfoot-under-the-moon-area-rug-home-decor,16000591921521,gid://shopify/Product/16000591921521,https://chillgen.com/products/personalized-bigfoot-under-the-moon-area-rug-home-decor,https://chillgen.com/products.json?limit=250&page=1,"Personalized Bigfoot Under The Moon Area Rug, Home Decor","Personalized Bigfoot Under The Moon Area Rug, Home Decor",4,4,6,6,VERIFIED,PUBLIC_PRODUCTS_JSON_HANDLE_MATCH_AFTER_ACTIVATION,2026-09-11T07:05:58Z
chillgen_20260911_01,personalized-stained-glass-bigfoot-forest-area-rug-non-slip-backing,chillgen.com::personalized-stained-glass-bigfoot-forest-area-rug-non-slip-backing,16000591954289,gid://shopify/Product/16000591954289,https://chillgen.com/products/personalized-stained-glass-bigfoot-forest-area-rug-non-slip-backing,https://chillgen.com/products.json?limit=250&page=1,"Personalized Stained Glass Bigfoot Forest Area Rug, Non-Slip Backing","Personalized Stained Glass Bigfoot Forest Area Rug, Non-Slip Backing",4,4,6,6,VERIFIED,PUBLIC_PRODUCTS_JSON_HANDLE_MATCH_AFTER_ACTIVATION,2026-09-11T07:05:58Z
chillgen_20260911_01,personalized-bigfoot-peace-sign-forest-area-rug-home-decor-bigfoot,chillgen.com::personalized-bigfoot-peace-sign-forest-area-rug-home-decor-bigfoot,16000591987057,gid://shopify/Product/16000591987057,https://chillgen.com/products/personalized-bigfoot-peace-sign-forest-area-rug-home-decor-bigfoot,https://chillgen.com/products.json?limit=250&page=1,"Personalized Bigfoot Peace Sign Forest Area Rug, Home Decor - Bigfoot","Personalized Bigfoot Peace Sign Forest Area Rug, Home Decor - Bigfoot",4,4,6,6,VERIFIED,PUBLIC_PRODUCTS_JSON_HANDLE_MATCH_AFTER_ACTIVATION,2026-09-11T07:05:58Z
chillgen_20260911_01,personalized-bigfoot-silhouette-with-full-moon-area-rug-design-01,chillgen.com::personalized-bigfoot-silhouette-with-full-moon-area-rug-design-01,16000592478577,gid://shopify/Product/16000592478577,https://chillgen.com/products/personalized-bigfoot-silhouette-with-full-moon-area-rug-design-01,https://chillgen.com/products.json?limit=250&page=1,Personalized Bigfoot Silhouette with Full Moon Area Rug - Design 01,Personalized Bigfoot Silhouette with Full Moon Area Rug - Design 01,4,4,6,6,VERIFIED,PUBLIC_PRODUCTS_JSON_HANDLE_MATCH_AFTER_ACTIVATION,2026-09-11T07:05:58Z
chillgen_20260911_01,personalized-bigfoot-silhouette-full-moon-forest-area-rug,chillgen.com::personalized-bigfoot-silhouette-full-moon-forest-area-rug,16000592511345,gid://shopify/Product/16000592511345,https://chillgen.com/products/personalized-bigfoot-silhouette-full-moon-forest-area-rug,https://chillgen.com/products.json?limit=250&page=1,Personalized Bigfoot Silhouette Full Moon Forest Area Rug,Personalized Bigfoot Silhouette Full Moon Forest Area Rug,4,4,6,6,VERIFIED,PUBLIC_PRODUCTS_JSON_HANDLE_MATCH_AFTER_ACTIVATION,2026-09-11T07:05:58Z
chillgen_20260911_01,personalized-bird-nature-with-mountains-and-trees-area-rug-home-decor,chillgen.com::personalized-bird-nature-with-mountains-and-trees-area-rug-home-decor,16000592707953,gid://shopify/Product/16000592707953,https://chillgen.com/products/personalized-bird-nature-with-mountains-and-trees-area-rug-home-decor,https://chillgen.com/products.json?limit=250&page=1,"Personalized Bird nature with mountains and trees Area Rug, Home Decor","Personalized Bird nature with mountains and trees Area Rug, Home Decor",4,4,6,6,VERIFIED,PUBLIC_PRODUCTS_JSON_HANDLE_MATCH_AFTER_ACTIVATION,2026-09-11T07:05:58Z
chillgen_20260911_01,personalized-bigfoot-outdoor-adventure-area-rug-non-slip-backing,chillgen.com::personalized-bigfoot-outdoor-adventure-area-rug-non-slip-backing,16000593068401,gid://shopify/Product/16000593068401,https://chillgen.com/products/personalized-bigfoot-outdoor-adventure-area-rug-non-slip-backing,https://chillgen.com/products.json?limit=250&page=1,"Personalized Bigfoot Outdoor Adventure Area Rug, Non-Slip Backing","Personalized Bigfoot Outdoor Adventure Area Rug, Non-Slip Backing",4,4,6,6,VERIFIED,PUBLIC_PRODUCTS_JSON_HANDLE_MATCH_AFTER_ACTIVATION,2026-09-11T07:05:58Z
chillgen_20260911_01,personalized-bigfoot-stained-glass-forest-area-rug-home-decor,chillgen.com::personalized-bigfoot-stained-glass-forest-area-rug-home-decor,16000593133937,gid://shopify/Product/16000593133937,https://chillgen.com/products/personalized-bigfoot-stained-glass-forest-area-rug-home-decor,https://chillgen.com/products.json?limit=250&page=1,"Personalized Bigfoot Stained Glass Forest Area Rug, Home Decor","Personalized Bigfoot Stained Glass Forest Area Rug, Home Decor",4,4,6,6,VERIFIED,PUBLIC_PRODUCTS_JSON_HANDLE_MATCH_AFTER_ACTIVATION,2026-09-11T07:05:58Z
chillgen_20260911_01,personalized-by-campfire-forest-area-rug-for-outdoor-adventure,chillgen.com::personalized-by-campfire-forest-area-rug-for-outdoor-adventure,16000593330545,gid://shopify/Product/16000593330545,https://chillgen.com/products/personalized-by-campfire-forest-area-rug-for-outdoor-adventure,https://chillgen.com/products.json?limit=250&page=1,Personalized by Campfire Forest Area Rug for Outdoor Adventure,Personalized by Campfire Forest Area Rug for Outdoor Adventure,4,4,6,6,VERIFIED,PUBLIC_PRODUCTS_JSON_HANDLE_MATCH_AFTER_ACTIVATION,2026-09-11T07:05:58Z
chillgen_20260911_01,personalized-bigfoot-night-full-moon-forest-area-rug-home-decor,chillgen.com::personalized-bigfoot-night-full-moon-forest-area-rug-home-decor,16000593887601,gid://shopify/Product/16000593887601,https://chillgen.com/products/personalized-bigfoot-night-full-moon-forest-area-rug-home-decor,https://chillgen.com/products.json?limit=250&page=1,"Personalized Bigfoot Night Full Moon Forest Area Rug, Home Decor","Personalized Bigfoot Night Full Moon Forest Area Rug, Home Decor",4,4,6,6,VERIFIED,PUBLIC_PRODUCTS_JSON_HANDLE_MATCH_AFTER_ACTIVATION,2026-09-11T07:05:58Z
chillgen_20260911_01,personalized-bigfoot-sunset-forest-silhouette-area-rug,chillgen.com::personalized-bigfoot-sunset-forest-silhouette-area-rug,16000593920369,gid://shopify/Product/16000593920369,https://chillgen.com/products/personalized-bigfoot-sunset-forest-silhouette-area-rug,https://chillgen.com/products.json?limit=250&page=1,Personalized Bigfoot Sunset Forest Silhouette Area Rug,Personalized Bigfoot Sunset Forest Silhouette Area Rug,4,4,6,6,VERIFIED,PUBLIC_PRODUCTS_JSON_HANDLE_MATCH_AFTER_ACTIVATION,2026-09-11T07:05:58Z
chillgen_20260911_01,personalized-bigfoot-camping-sunset-forest-area-rug,chillgen.com::personalized-bigfoot-camping-sunset-forest-area-rug,16000594280817,gid://shopify/Product/16000594280817,https://chillgen.com/products/personalized-bigfoot-camping-sunset-forest-area-rug,https://chillgen.com/products.json?limit=250&page=1,Personalized Bigfoot Camping Sunset Forest Area Rug,Personalized Bigfoot Camping Sunset Forest Area Rug,4,4,6,6,VERIFIED,PUBLIC_PRODUCTS_JSON_HANDLE_MATCH_AFTER_ACTIVATION,2026-09-11T07:05:58Z
chillgen_20260911_01,personalized-bigfoot-camping-night-scene-area-rug-home-decor,chillgen.com::personalized-bigfoot-camping-night-scene-area-rug-home-decor,16000594608497,gid://shopify/Product/16000594608497,https://chillgen.com/products/personalized-bigfoot-camping-night-scene-area-rug-home-decor,https://chillgen.com/products.json?limit=250&page=1,"Personalized Bigfoot Camping Night Scene Area Rug, Home Decor","Personalized Bigfoot Camping Night Scene Area Rug, Home Decor",4,4,6,6,VERIFIED,PUBLIC_PRODUCTS_JSON_HANDLE_MATCH_AFTER_ACTIVATION,2026-09-11T07:05:58Z
chillgen_20260911_01,personalized-checkered-flag-racing-area-rug-non-slip-design-05,chillgen.com::personalized-checkered-flag-racing-area-rug-non-slip-design-05,16000629932401,gid://shopify/Product/16000629932401,https://chillgen.com/products/personalized-checkered-flag-racing-area-rug-non-slip-design-05,https://chillgen.com/products.json?limit=250&page=1,"Personalized Checkered Flag Racing Area Rug, Non-Slip - Design 05","Personalized Checkered Flag Racing Area Rug, Non-Slip - Design 05",5,5,6,6,VERIFIED,PUBLIC_PRODUCTS_JSON_HANDLE_MATCH_AFTER_ACTIVATION,2026-09-11T07:05:58Z
chillgen_20260911_01,personalized-checkered-flag-racing-area-rug-non-slip-design-07,chillgen.com::personalized-checkered-flag-racing-area-rug-non-slip-design-07,16000630030705,gid://shopify/Product/16000630030705,https://chillgen.com/products/personalized-checkered-flag-racing-area-rug-non-slip-design-07,https://chillgen.com/products.json?limit=250&page=1,"Personalized Checkered Flag Racing Area Rug, Non-Slip - Design 07","Personalized Checkered Flag Racing Area Rug, Non-Slip - Design 07",5,5,7,7,VERIFIED,PUBLIC_PRODUCTS_JSON_HANDLE_MATCH_AFTER_ACTIVATION,2026-09-11T07:05:58Z
chillgen_20260911_01,personalized-racing-checkered-flag-area-rug-non-slip-design-06,chillgen.com::personalized-racing-checkered-flag-area-rug-non-slip-design-06,16000630063473,gid://shopify/Product/16000630063473,https://chillgen.com/products/personalized-racing-checkered-flag-area-rug-non-slip-design-06,https://chillgen.com/products.json?limit=250&page=1,"Personalized Racing Checkered Flag Area Rug, Non-Slip - Design 06","Personalized Racing Checkered Flag Area Rug, Non-Slip - Design 06",5,5,7,7,VERIFIED,PUBLIC_PRODUCTS_JSON_HANDLE_MATCH_AFTER_ACTIVATION,2026-09-11T07:05:58Z
chillgen_20260911_01,personalized-black-checkered-flag-racing-name-area-rug-non-slip,chillgen.com::personalized-black-checkered-flag-racing-name-area-rug-non-slip,16000631570801,gid://shopify/Product/16000631570801,https://chillgen.com/products/personalized-black-checkered-flag-racing-name-area-rug-non-slip,https://chillgen.com/products.json?limit=250&page=1,"Personalized Black Checkered Flag Racing Name Area Rug, Non-Slip","Personalized Black Checkered Flag Racing Name Area Rug, Non-Slip",5,5,6,6,VERIFIED,PUBLIC_PRODUCTS_JSON_HANDLE_MATCH_AFTER_ACTIVATION,2026-09-11T07:05:58Z
chillgen_20260911_01,personalized-checkered-flag-race-track-area-rug-non-slip-design-01,chillgen.com::personalized-checkered-flag-race-track-area-rug-non-slip-design-01,16000631701873,gid://shopify/Product/16000631701873,https://chillgen.com/products/personalized-checkered-flag-race-track-area-rug-non-slip-design-01,https://chillgen.com/products.json?limit=250&page=1,"Personalized Checkered Flag Race Track Area Rug, Non-Slip - Design 01","Personalized Checkered Flag Race Track Area Rug, Non-Slip - Design 01",5,5,6,6,VERIFIED,PUBLIC_PRODUCTS_JSON_HANDLE_MATCH_AFTER_ACTIVATION,2026-09-11T07:05:58Z
chillgen_20260911_01,personalized-checkered-flag-race-car-area-rug-non-slip-racing-rug,chillgen.com::personalized-checkered-flag-race-car-area-rug-non-slip-racing-rug,16000631865713,gid://shopify/Product/16000631865713,https://chillgen.com/products/personalized-checkered-flag-race-car-area-rug-non-slip-racing-rug,https://chillgen.com/products.json?limit=250&page=1,"Personalized Checkered Flag Race Car Area Rug, Non-Slip - Racing Rug","Personalized Checkered Flag Race Car Area Rug, Non-Slip - Racing Rug",5,5,7,7,VERIFIED,PUBLIC_PRODUCTS_JSON_HANDLE_MATCH_AFTER_ACTIVATION,2026-09-11T07:05:58Z
chillgen_20260911_01,personalized-checkered-flag-race-track-area-rug-non-slip-design-04,chillgen.com::personalized-checkered-flag-race-track-area-rug-non-slip-design-04,16000633241969,gid://shopify/Product/16000633241969,https://chillgen.com/products/personalized-checkered-flag-race-track-area-rug-non-slip-design-04,https://chillgen.com/products.json?limit=250&page=1,"Personalized Checkered Flag Race Track Area Rug, Non-Slip - Design 04","Personalized Checkered Flag Race Track Area Rug, Non-Slip - Design 04",5,5,6,6,VERIFIED,PUBLIC_PRODUCTS_JSON_HANDLE_MATCH_AFTER_ACTIVATION,2026-09-11T07:05:58Z
chillgen_20260911_01,personalized-checkered-racing-flags-with-name-area-rug-non-slip,chillgen.com::personalized-checkered-racing-flags-with-name-area-rug-non-slip,16000633504113,gid://shopify/Product/16000633504113,https://chillgen.com/products/personalized-checkered-racing-flags-with-name-area-rug-non-slip,https://chillgen.com/products.json?limit=250&page=1,"Personalized Checkered Racing Flags With Name Area Rug, Non-Slip","Personalized Checkered Racing Flags With Name Area Rug, Non-Slip",5,5,6,6,VERIFIED,PUBLIC_PRODUCTS_JSON_HANDLE_MATCH_AFTER_ACTIVATION,2026-09-11T07:05:58Z
chillgen_20260911_01,personalized-checkered-flag-sport-area-rug-non-slip,chillgen.com::personalized-checkered-flag-sport-area-rug-non-slip,16000633635185,gid://shopify/Product/16000633635185,https://chillgen.com/products/personalized-checkered-flag-sport-area-rug-non-slip,https://chillgen.com/products.json?limit=250&page=1,"Personalized Checkered Flag Sport Area Rug, Non-Slip","Personalized Checkered Flag Sport Area Rug, Non-Slip",5,5,7,7,VERIFIED,PUBLIC_PRODUCTS_JSON_HANDLE_MATCH_AFTER_ACTIVATION,2026-09-11T07:05:58Z
chillgen_20260911_01,personalized-emotion-chart-face-emojis-rug-machine-washable-wheel,chillgen.com::personalized-emotion-chart-face-emojis-rug-machine-washable-wheel,16000650576241,gid://shopify/Product/16000650576241,https://chillgen.com/products/personalized-emotion-chart-face-emojis-rug-machine-washable-wheel,https://chillgen.com/products.json?limit=250&page=1,"Personalized Emotion Chart Face Emojis Rug, Machine Washable - Wheel","Personalized Emotion Chart Face Emojis Rug, Machine Washable - Wheel",6,6,6,6,VERIFIED,PUBLIC_PRODUCTS_JSON_HANDLE_MATCH_AFTER_ACTIVATION,2026-09-11T07:05:58Z
chillgen_20260911_01,personalized-colorful-emotion-wheel-chart-mat-non-slip,chillgen.com::personalized-colorful-emotion-wheel-chart-mat-non-slip,16000650674545,gid://shopify/Product/16000650674545,https://chillgen.com/products/personalized-colorful-emotion-wheel-chart-mat-non-slip,https://chillgen.com/products.json?limit=250&page=1,"Personalized Colorful Emotion Wheel Chart Mat, Non Slip","Personalized Colorful Emotion Wheel Chart Mat, Non Slip",6,6,6,6,VERIFIED,PUBLIC_PRODUCTS_JSON_HANDLE_MATCH_AFTER_ACTIVATION,2026-09-11T07:05:58Z
chillgen_20260911_01,personalized-feeling-wheel-chart-rug-machine-washable,chillgen.com::personalized-feeling-wheel-chart-rug-machine-washable,16000650772849,gid://shopify/Product/16000650772849,https://chillgen.com/products/personalized-feeling-wheel-chart-rug-machine-washable,https://chillgen.com/products.json?limit=250&page=1,"Personalized Feeling Wheel Chart Rug, Machine Washable","Personalized Feeling Wheel Chart Rug, Machine Washable",6,6,6,6,VERIFIED,PUBLIC_PRODUCTS_JSON_HANDLE_MATCH_AFTER_ACTIVATION,2026-09-11T07:05:58Z
chillgen_20260911_01,personalized-feeling-wheel-composition-notebook-art-area-rug-non-slip,chillgen.com::personalized-feeling-wheel-composition-notebook-art-area-rug-non-slip,16000652312945,gid://shopify/Product/16000652312945,https://chillgen.com/products/personalized-feeling-wheel-composition-notebook-art-area-rug-non-slip,https://chillgen.com/products.json?limit=250&page=1,"Personalized Feeling Wheel Composition Notebook Art Area Rug, Non Slip","Personalized Feeling Wheel Composition Notebook Art Area Rug, Non Slip",6,6,6,6,VERIFIED,PUBLIC_PRODUCTS_JSON_HANDLE_MATCH_AFTER_ACTIVATION,2026-09-11T07:05:58Z
chillgen_20260911_01,personalized-emotions-wheel-learning-rug-machine-washable,chillgen.com::personalized-emotions-wheel-learning-rug-machine-washable,16000652345713,gid://shopify/Product/16000652345713,https://chillgen.com/products/personalized-emotions-wheel-learning-rug-machine-washable,https://chillgen.com/products.json?limit=250&page=1,"Personalized Emotions Wheel Learning Rug, Machine Washable","Personalized Emotions Wheel Learning Rug, Machine Washable",6,6,6,6,VERIFIED,PUBLIC_PRODUCTS_JSON_HANDLE_MATCH_AFTER_ACTIVATION,2026-09-11T07:05:58Z
chillgen_20260911_01,personalized-religious-quote-with-family-name-doormat-entryway-decor,chillgen.com::personalized-religious-quote-with-family-name-doormat-entryway-decor,16000669319537,gid://shopify/Product/16000669319537,https://chillgen.com/products/personalized-religious-quote-with-family-name-doormat-entryway-decor,https://chillgen.com/products.json?limit=250&page=1,"Personalized Religious Quote with Family Name Doormat, Entryway Decor","Personalized Religious Quote with Family Name Doormat, Entryway Decor",4,4,12,12,VERIFIED,PUBLIC_PRODUCTS_JSON_HANDLE_MATCH_AFTER_ACTIVATION,2026-09-11T07:05:58Z
chillgen_20260911_01,personalized-nautical-anchor-with-rope-doormat-design-12,chillgen.com::personalized-nautical-anchor-with-rope-doormat-design-12,16000688128369,gid://shopify/Product/16000688128369,https://chillgen.com/products/personalized-nautical-anchor-with-rope-doormat-design-12,https://chillgen.com/products.json?limit=250&page=1,Personalized Nautical Anchor with Rope Doormat - Design 12,Personalized Nautical Anchor with Rope Doormat - Design 12,4,4,6,6,VERIFIED,PUBLIC_PRODUCTS_JSON_HANDLE_MATCH_AFTER_ACTIVATION,2026-09-11T07:05:58Z
chillgen_20260911_01,personalized-nautical-anchor-with-boat-name-doormat-nautical-15,chillgen.com::personalized-nautical-anchor-with-boat-name-doormat-nautical-15,16000688226673,gid://shopify/Product/16000688226673,https://chillgen.com/products/personalized-nautical-anchor-with-boat-name-doormat-nautical-15,https://chillgen.com/products.json?limit=250&page=1,Personalized Nautical Anchor with Boat Name Doormat - Nautical 15,Personalized Nautical Anchor with Boat Name Doormat - Nautical 15,4,4,6,6,VERIFIED,PUBLIC_PRODUCTS_JSON_HANDLE_MATCH_AFTER_ACTIVATION,2026-09-11T07:05:58Z
chillgen_20260911_01,personalized-nautical-compass-rose-with-boat-name-doormat,chillgen.com::personalized-nautical-compass-rose-with-boat-name-doormat,16000688259441,gid://shopify/Product/16000688259441,https://chillgen.com/products/personalized-nautical-compass-rose-with-boat-name-doormat,https://chillgen.com/products.json?limit=250&page=1,Personalized Nautical Compass Rose with Boat Name Doormat,Personalized Nautical Compass Rose with Boat Name Doormat,4,4,6,6,VERIFIED,PUBLIC_PRODUCTS_JSON_HANDLE_MATCH_AFTER_ACTIVATION,2026-09-11T07:05:58Z
chillgen_20260911_01,personalized-anchor-rope-pattern-doormat-for-boat-owners,chillgen.com::personalized-anchor-rope-pattern-doormat-for-boat-owners,16000689308017,gid://shopify/Product/16000689308017,https://chillgen.com/products/personalized-anchor-rope-pattern-doormat-for-boat-owners,https://chillgen.com/products.json?limit=250&page=1,Personalized Anchor Rope Pattern Doormat for Boat Owners,Personalized Anchor Rope Pattern Doormat for Boat Owners,8,8,6,6,VERIFIED,PUBLIC_PRODUCTS_JSON_HANDLE_MATCH_AFTER_ACTIVATION,2026-09-11T07:05:58Z
chillgen_20260911_01,personalized-nautical-anchor-doormat-water-repellent,chillgen.com::personalized-nautical-anchor-doormat-water-repellent,16000689439089,gid://shopify/Product/16000689439089,https://chillgen.com/products/personalized-nautical-anchor-doormat-water-repellent,https://chillgen.com/products.json?limit=250&page=1,"Personalized Nautical Anchor Doormat, Water Repellent","Personalized Nautical Anchor Doormat, Water Repellent",4,4,6,6,VERIFIED,PUBLIC_PRODUCTS_JSON_HANDLE_MATCH_AFTER_ACTIVATION,2026-09-11T07:05:58Z
chillgen_20260911_01,personalized-striped-nautical-anchor-doormat-water-repell-design-13,chillgen.com::personalized-striped-nautical-anchor-doormat-water-repell-design-13,16000689635697,gid://shopify/Product/16000689635697,https://chillgen.com/products/personalized-striped-nautical-anchor-doormat-water-repell-design-13,https://chillgen.com/products.json?limit=250&page=1,"Personalized Striped Nautical Anchor Doormat, Water Repell - Design 13","Personalized Striped Nautical Anchor Doormat, Water Repell - Design 13",4,4,6,6,VERIFIED,PUBLIC_PRODUCTS_JSON_HANDLE_MATCH_AFTER_ACTIVATION,2026-09-11T07:05:58Z
chillgen_20260911_01,personalized-nautical-anchor-with-boat-name-doormat-water-design-08,chillgen.com::personalized-nautical-anchor-with-boat-name-doormat-water-design-08,16000690749809,gid://shopify/Product/16000690749809,https://chillgen.com/products/personalized-nautical-anchor-with-boat-name-doormat-water-design-08,https://chillgen.com/products.json?limit=250&page=1,"Personalized Nautical Anchor with Boat Name Doormat, Water - Design 08","Personalized Nautical Anchor with Boat Name Doormat, Water - Design 08",4,4,6,6,VERIFIED,PUBLIC_PRODUCTS_JSON_HANDLE_MATCH_AFTER_ACTIVATION,2026-09-11T07:05:58Z
chillgen_20260911_01,personalized-nautical-anchor-with-ship-wheel-doormat-water-repellent,chillgen.com::personalized-nautical-anchor-with-ship-wheel-doormat-water-repellent,16000690815345,gid://shopify/Product/16000690815345,https://chillgen.com/products/personalized-nautical-anchor-with-ship-wheel-doormat-water-repellent,https://chillgen.com/products.json?limit=250&page=1,"Personalized Nautical Anchor with Ship Wheel Doormat, Water Repellent","Personalized Nautical Anchor with Ship Wheel Doormat, Water Repellent",4,4,6,6,VERIFIED,PUBLIC_PRODUCTS_JSON_HANDLE_MATCH_AFTER_ACTIVATION,2026-09-11T07:05:58Z
chillgen_20260911_01,personalized-nautical-anchor-with-boat-name-doormat-water-design-14,chillgen.com::personalized-nautical-anchor-with-boat-name-doormat-water-design-14,16000691044721,gid://shopify/Product/16000691044721,https://chillgen.com/products/personalized-nautical-anchor-with-boat-name-doormat-water-design-14,https://chillgen.com/products.json?limit=250&page=1,"Personalized Nautical Anchor With Boat Name Doormat, Water - Design 14","Personalized Nautical Anchor With Boat Name Doormat, Water - Design 14",4,4,6,6,VERIFIED,PUBLIC_PRODUCTS_JSON_HANDLE_MATCH_AFTER_ACTIVATION,2026-09-11T07:05:58Z
chillgen_20260911_01,personalized-nautical-anchor-welcome-aboard-doormat-water-repellent,chillgen.com::personalized-nautical-anchor-welcome-aboard-doormat-water-repellent,16000692093297,gid://shopify/Product/16000692093297,https://chillgen.com/products/personalized-nautical-anchor-welcome-aboard-doormat-water-repellent,https://chillgen.com/products.json?limit=250&page=1,"Personalized Nautical Anchor Welcome Aboard Doormat, Water Repellent","Personalized Nautical Anchor Welcome Aboard Doormat, Water Repellent",4,4,6,6,VERIFIED,PUBLIC_PRODUCTS_JSON_HANDLE_MATCH_AFTER_ACTIVATION,2026-09-11T07:05:58Z
chillgen_20260911_01,personalized-anchor-welcome-aboard-doormat-for-fishing-boat,chillgen.com::personalized-anchor-welcome-aboard-doormat-for-fishing-boat,16000692158833,gid://shopify/Product/16000692158833,https://chillgen.com/products/personalized-anchor-welcome-aboard-doormat-for-fishing-boat,https://chillgen.com/products.json?limit=250&page=1,Personalized Anchor Welcome Aboard Doormat for Fishing Boat,Personalized Anchor Welcome Aboard Doormat for Fishing Boat,4,4,6,6,VERIFIED,PUBLIC_PRODUCTS_JSON_HANDLE_MATCH_AFTER_ACTIVATION,2026-09-11T07:05:58Z
chillgen_20260911_01,personalized-anchor-with-boat-name-and-location-doormat,chillgen.com::personalized-anchor-with-boat-name-and-location-doormat,16000692289905,gid://shopify/Product/16000692289905,https://chillgen.com/products/personalized-anchor-with-boat-name-and-location-doormat,https://chillgen.com/products.json?limit=250&page=1,Personalized Anchor with Boat Name and Location Doormat,Personalized Anchor with Boat Name and Location Doormat,4,4,6,6,VERIFIED,PUBLIC_PRODUCTS_JSON_HANDLE_MATCH_AFTER_ACTIVATION,2026-09-11T07:05:58Z
chillgen_20260911_01,personalized-classroom-welcome-rainbow-welcome-doormat,chillgen.com::personalized-classroom-welcome-rainbow-welcome-doormat,16001043726705,gid://shopify/Product/16001043726705,https://chillgen.com/products/personalized-classroom-welcome-rainbow-welcome-doormat,https://chillgen.com/products.json?limit=250&page=1,Personalized Classroom Welcome Rainbow Welcome Doormat,Personalized Classroom Welcome Rainbow Welcome Doormat,6,6,6,6,VERIFIED,PUBLIC_PRODUCTS_JSON_HANDLE_MATCH_AFTER_ACTIVATION,2026-09-11T07:05:58Z
chillgen_20260911_01,personalized-cheerful-school-themed-welcome-doormat-non-slip-backing,chillgen.com::personalized-cheerful-school-themed-welcome-doormat-non-slip-backing,16001043759473,gid://shopify/Product/16001043759473,https://chillgen.com/products/personalized-cheerful-school-themed-welcome-doormat-non-slip-backing,https://chillgen.com/products.json?limit=250&page=1,"Personalized Cheerful School Themed Welcome Doormat, Non-Slip Backing","Personalized Cheerful School Themed Welcome Doormat, Non-Slip Backing",6,6,6,6,VERIFIED,PUBLIC_PRODUCTS_JSON_HANDLE_MATCH_AFTER_ACTIVATION,2026-09-11T07:05:58Z
chillgen_20260911_01,personalized-pink-school-supplies-doormat-machine-made,chillgen.com::personalized-pink-school-supplies-doormat-machine-made,16001043792241,gid://shopify/Product/16001043792241,https://chillgen.com/products/personalized-pink-school-supplies-doormat-machine-made,https://chillgen.com/products.json?limit=250&page=1,"Personalized Pink School Supplies Doormat, Machine Made","Personalized Pink School Supplies Doormat, Machine Made",6,6,6,6,VERIFIED,PUBLIC_PRODUCTS_JSON_HANDLE_MATCH_AFTER_ACTIVATION,2026-09-11T07:05:58Z
chillgen_20260911_01,personalized-teacher-classroom-welcome-with-school-supplies-doormat,chillgen.com::personalized-teacher-classroom-welcome-with-school-supplies-doormat,16001043923313,gid://shopify/Product/16001043923313,https://chillgen.com/products/personalized-teacher-classroom-welcome-with-school-supplies-doormat,https://chillgen.com/products.json?limit=250&page=1,Personalized Teacher Classroom Welcome with School Supplies Doormat,Personalized Teacher Classroom Welcome with School Supplies Doormat,6,6,6,6,VERIFIED,PUBLIC_PRODUCTS_JSON_HANDLE_MATCH_AFTER_ACTIVATION,2026-09-11T07:05:58Z
chillgen_20260911_01,personalized-speckled-classroom-decor-door-mat-non-slip-backing,chillgen.com::personalized-speckled-classroom-decor-door-mat-non-slip-backing,16001043988849,gid://shopify/Product/16001043988849,https://chillgen.com/products/personalized-speckled-classroom-decor-door-mat-non-slip-backing,https://chillgen.com/products.json?limit=250&page=1,"Personalized Speckled Classroom Decor Door Mat, Non-Slip Backing","Personalized Speckled Classroom Decor Door Mat, Non-Slip Backing",6,6,6,6,VERIFIED,PUBLIC_PRODUCTS_JSON_HANDLE_MATCH_AFTER_ACTIVATION,2026-09-11T07:05:58Z
chillgen_20260911_01,personalized-flower-star-school-teacher-appreciation-playful-doormat,chillgen.com::personalized-flower-star-school-teacher-appreciation-playful-doormat,16001044021617,gid://shopify/Product/16001044021617,https://chillgen.com/products/personalized-flower-star-school-teacher-appreciation-playful-doormat,https://chillgen.com/products.json?limit=250&page=1,"Personalized Flower Star School, teacher appreciation, playful Doormat","Personalized Flower Star School, teacher appreciation, playful Doormat",6,6,6,6,VERIFIED,PUBLIC_PRODUCTS_JSON_HANDLE_MATCH_AFTER_ACTIVATION,2026-09-11T07:05:58Z
chillgen_20260911_01,personalized-diverse-hands-welcome-door-mat-non-slip-backing,chillgen.com::personalized-diverse-hands-welcome-door-mat-non-slip-backing,16001044250993,gid://shopify/Product/16001044250993,https://chillgen.com/products/personalized-diverse-hands-welcome-door-mat-non-slip-backing,https://chillgen.com/products.json?limit=250&page=1,"Personalized Diverse Hands Welcome Door Mat, Non-Slip Backing","Personalized Diverse Hands Welcome Door Mat, Non-Slip Backing",6,6,6,6,VERIFIED,PUBLIC_PRODUCTS_JSON_HANDLE_MATCH_AFTER_ACTIVATION,2026-09-11T07:05:58Z
chillgen_20260911_01,personalized-in-this-classroom-doormat-non-slip-backing-design-03,chillgen.com::personalized-in-this-classroom-doormat-non-slip-backing-design-03,16001044283761,gid://shopify/Product/16001044283761,https://chillgen.com/products/personalized-in-this-classroom-doormat-non-slip-backing-design-03,https://chillgen.com/products.json?limit=250&page=1,"Personalized In This Classroom Doormat, Non-Slip Backing - Design 03","Personalized In This Classroom Doormat, Non-Slip Backing - Design 03",6,6,6,6,VERIFIED,PUBLIC_PRODUCTS_JSON_HANDLE_MATCH_AFTER_ACTIVATION,2026-09-11T07:05:58Z
chillgen_20260911_01,personalized-rainbow-hearts-classroom-doormat-non-slip-backing,chillgen.com::personalized-rainbow-hearts-classroom-doormat-non-slip-backing,16001044316529,gid://shopify/Product/16001044316529,https://chillgen.com/products/personalized-rainbow-hearts-classroom-doormat-non-slip-backing,https://chillgen.com/products.json?limit=250&page=1,"Personalized Rainbow Hearts Classroom Doormat, Non-Slip Backing","Personalized Rainbow Hearts Classroom Doormat, Non-Slip Backing",6,6,6,6,VERIFIED,PUBLIC_PRODUCTS_JSON_HANDLE_MATCH_AFTER_ACTIVATION,2026-09-11T07:05:58Z
chillgen_20260911_01,personalized-classroom-inspirational-crayons-doormat-non-slip-backing,chillgen.com::personalized-classroom-inspirational-crayons-doormat-non-slip-backing,16001045463409,gid://shopify/Product/16001045463409,https://chillgen.com/products/personalized-classroom-inspirational-crayons-doormat-non-slip-backing,https://chillgen.com/products.json?limit=250&page=1,"Personalized Classroom Inspirational Crayons Doormat, Non-Slip Backing","Personalized Classroom Inspirational Crayons Doormat, Non-Slip Backing",6,6,6,6,VERIFIED,PUBLIC_PRODUCTS_JSON_HANDLE_MATCH_AFTER_ACTIVATION,2026-09-11T07:05:58Z
chillgen_20260911_01,personalized-composition-book-style-door-mat-non-slip,chillgen.com::personalized-composition-book-style-door-mat-non-slip,16001045496177,gid://shopify/Product/16001045496177,https://chillgen.com/products/personalized-composition-book-style-door-mat-non-slip,https://chillgen.com/products.json?limit=250&page=1,"Personalized Composition Book Style Door Mat, Non-Slip","Personalized Composition Book Style Door Mat, Non-Slip",6,6,6,6,VERIFIED,PUBLIC_PRODUCTS_JSON_HANDLE_MATCH_AFTER_ACTIVATION,2026-09-11T07:05:58Z
chillgen_20260911_01,personalized-good-day-to-do-math-typography-door-mat-non-slip-backing,chillgen.com::personalized-good-day-to-do-math-typography-door-mat-non-slip-backing,16001045528945,gid://shopify/Product/16001045528945,https://chillgen.com/products/personalized-good-day-to-do-math-typography-door-mat-non-slip-backing,https://chillgen.com/products.json?limit=250&page=1,"Personalized Good Day To Do Math typography Door Mat, Non-Slip Backing","Personalized Good Day To Do Math typography Door Mat, Non-Slip Backing",6,6,6,6,VERIFIED,PUBLIC_PRODUCTS_JSON_HANDLE_MATCH_AFTER_ACTIVATION,2026-09-11T07:05:58Z
chillgen_20260911_01,personalized-open-book-with-flowers-and-pencil-door-mat,chillgen.com::personalized-open-book-with-flowers-and-pencil-door-mat,16001045660017,gid://shopify/Product/16001045660017,https://chillgen.com/products/personalized-open-book-with-flowers-and-pencil-door-mat,https://chillgen.com/products.json?limit=250&page=1,Personalized Open Book With Flowers And Pencil Door Mat,Personalized Open Book With Flowers And Pencil Door Mat,6,6,6,6,VERIFIED,PUBLIC_PRODUCTS_JSON_HANDLE_MATCH_AFTER_ACTIVATION,2026-09-11T07:05:58Z
chillgen_20260911_01,personalized-composition-notebook-teacher-door-mat-non-slip-backing,chillgen.com::personalized-composition-notebook-teacher-door-mat-non-slip-backing,16001045791089,gid://shopify/Product/16001045791089,https://chillgen.com/products/personalized-composition-notebook-teacher-door-mat-non-slip-backing,https://chillgen.com/products.json?limit=250&page=1,"Personalized Composition Notebook Teacher Door Mat, Non-Slip Backing","Personalized Composition Notebook Teacher Door Mat, Non-Slip Backing",6,6,6,6,VERIFIED,PUBLIC_PRODUCTS_JSON_HANDLE_MATCH_AFTER_ACTIVATION,2026-09-11T07:05:58Z
chillgen_20260911_01,personalized-composition-notebook-style-teacher-door-mat,chillgen.com::personalized-composition-notebook-style-teacher-door-mat,16001045823857,gid://shopify/Product/16001045823857,https://chillgen.com/products/personalized-composition-notebook-style-teacher-door-mat,https://chillgen.com/products.json?limit=250&page=1,Personalized Composition Notebook Style Teacher Door Mat,Personalized Composition Notebook Style Teacher Door Mat,6,6,7,7,VERIFIED,PUBLIC_PRODUCTS_JSON_HANDLE_MATCH_AFTER_ACTIVATION,2026-09-11T07:05:58Z
chillgen_20260911_01,personalized-colorful-class-teacher-welcome-door-mat-classroom-decor,chillgen.com::personalized-colorful-class-teacher-welcome-door-mat-classroom-decor,16001046086001,gid://shopify/Product/16001046086001,https://chillgen.com/products/personalized-colorful-class-teacher-welcome-door-mat-classroom-decor,https://chillgen.com/products.json?limit=250&page=1,"Personalized Colorful Class Teacher Welcome Door Mat, Classroom Decor","Personalized Colorful Class Teacher Welcome Door Mat, Classroom Decor",6,6,6,6,VERIFIED,PUBLIC_PRODUCTS_JSON_HANDLE_MATCH_AFTER_ACTIVATION,2026-09-11T07:05:58Z
chillgen_20260911_01,personalized-playful-teacher-name-school-supply-star-doormat,chillgen.com::personalized-playful-teacher-name-school-supply-star-doormat,16001046151537,gid://shopify/Product/16001046151537,https://chillgen.com/products/personalized-playful-teacher-name-school-supply-star-doormat,https://chillgen.com/products.json?limit=250&page=1,Personalized Playful Teacher Name School Supply Star Doormat,Personalized Playful Teacher Name School Supply Star Doormat,6,6,6,6,VERIFIED,PUBLIC_PRODUCTS_JSON_HANDLE_MATCH_AFTER_ACTIVATION,2026-09-11T07:05:58Z
chillgen_20260911_01,personalized-flower-star-school-retro-whimsical-welcome-door-mat,chillgen.com::personalized-flower-star-school-retro-whimsical-welcome-door-mat,16001046184305,gid://shopify/Product/16001046184305,https://chillgen.com/products/personalized-flower-star-school-retro-whimsical-welcome-door-mat,https://chillgen.com/products.json?limit=250&page=1,"Personalized Flower Star School, retro, whimsical Welcome Door Mat","Personalized Flower Star School, retro, whimsical Welcome Door Mat",6,6,6,6,VERIFIED,PUBLIC_PRODUCTS_JSON_HANDLE_MATCH_AFTER_ACTIVATION,2026-09-11T07:05:58Z
chillgen_20260911_01,personalized-in-this-classroom-inspirational-text-doormat,chillgen.com::personalized-in-this-classroom-inspirational-text-doormat,16001046282609,gid://shopify/Product/16001046282609,https://chillgen.com/products/personalized-in-this-classroom-inspirational-text-doormat,https://chillgen.com/products.json?limit=250&page=1,Personalized In This Classroom Inspirational Text Doormat,Personalized In This Classroom Inspirational Text Doormat,6,6,6,6,VERIFIED,PUBLIC_PRODUCTS_JSON_HANDLE_MATCH_AFTER_ACTIVATION,2026-09-11T07:05:58Z
chillgen_20260911_01,personalized-flower-star-classroom-nature-rug,chillgen.com::personalized-flower-star-classroom-nature-rug,16001046315377,gid://shopify/Product/16001046315377,https://chillgen.com/products/personalized-flower-star-classroom-nature-rug,https://chillgen.com/products.json?limit=250&page=1,Personalized Flower Star classroom / nature Rug,Personalized Flower Star classroom / nature Rug,6,6,6,6,VERIFIED,PUBLIC_PRODUCTS_JSON_HANDLE_MATCH_AFTER_ACTIVATION,2026-09-11T07:05:58Z
chillgen_20260911_01,personalized-text-books-and-flowers-classroom-inspiration-doormat,chillgen.com::personalized-text-books-and-flowers-classroom-inspiration-doormat,16001046511985,gid://shopify/Product/16001046511985,https://chillgen.com/products/personalized-text-books-and-flowers-classroom-inspiration-doormat,https://chillgen.com/products.json?limit=250&page=1,Personalized Text books and flowers classroom inspiration Doormat,Personalized Text books and flowers classroom inspiration Doormat,6,6,6,6,VERIFIED,PUBLIC_PRODUCTS_JSON_HANDLE_MATCH_AFTER_ACTIVATION,2026-09-11T07:05:58Z
chillgen_20260911_01,personalized-colorful-composition-notebook-teacher-door-mat,chillgen.com::personalized-colorful-composition-notebook-teacher-door-mat,16001047331185,gid://shopify/Product/16001047331185,https://chillgen.com/products/personalized-colorful-composition-notebook-teacher-door-mat,https://chillgen.com/products.json?limit=250&page=1,Personalized Colorful Composition Notebook Teacher Door Mat,Personalized Colorful Composition Notebook Teacher Door Mat,6,6,6,6,VERIFIED,PUBLIC_PRODUCTS_JSON_HANDLE_MATCH_AFTER_ACTIVATION,2026-09-11T07:05:58Z
chillgen_20260911_01,personalized-rainbow-butterfly-stained-glass-garden-doormat,chillgen.com::personalized-rainbow-butterfly-stained-glass-garden-doormat,16001054212465,gid://shopify/Product/16001054212465,https://chillgen.com/products/personalized-rainbow-butterfly-stained-glass-garden-doormat,https://chillgen.com/products.json?limit=250&page=1,Personalized Rainbow Butterfly Stained Glass Garden Doormat,Personalized Rainbow Butterfly Stained Glass Garden Doormat,4,4,7,7,VERIFIED,PUBLIC_PRODUCTS_JSON_HANDLE_MATCH_AFTER_ACTIVATION,2026-09-11T07:05:58Z
chillgen_20260911_01,personalized-rainbow-everyone-is-welcome-here-hands-doormat,chillgen.com::personalized-rainbow-everyone-is-welcome-here-hands-doormat,16001054245233,gid://shopify/Product/16001054245233,https://chillgen.com/products/personalized-rainbow-everyone-is-welcome-here-hands-doormat,https://chillgen.com/products.json?limit=250&page=1,Personalized Rainbow Everyone Is Welcome Here Hands Doormat,Personalized Rainbow Everyone Is Welcome Here Hands Doormat,4,4,7,7,VERIFIED,PUBLIC_PRODUCTS_JSON_HANDLE_MATCH_AFTER_ACTIVATION,2026-09-11T07:05:58Z
chillgen_20260911_01,personalized-rainbow-paw-print-love-is-doormat-pride-month-decor,chillgen.com::personalized-rainbow-paw-print-love-is-doormat-pride-month-decor,16001054310769,gid://shopify/Product/16001054310769,https://chillgen.com/products/personalized-rainbow-paw-print-love-is-doormat-pride-month-decor,https://chillgen.com/products.json?limit=250&page=1,"Personalized Rainbow Paw Print Love Is Doormat, Pride Month Decor","Personalized Rainbow Paw Print Love Is Doormat, Pride Month Decor",4,4,7,7,VERIFIED,PUBLIC_PRODUCTS_JSON_HANDLE_MATCH_AFTER_ACTIVATION,2026-09-11T07:05:58Z
chillgen_20260911_01,personalized-pride-rainbow-all-are-welcome-doormat-front-porch-decor,chillgen.com::personalized-pride-rainbow-all-are-welcome-doormat-front-porch-decor,16001056342385,gid://shopify/Product/16001056342385,https://chillgen.com/products/personalized-pride-rainbow-all-are-welcome-doormat-front-porch-decor,https://chillgen.com/products.json?limit=250&page=1,"Personalized Pride Rainbow All Are Welcome Doormat, Front Porch Decor","Personalized Pride Rainbow All Are Welcome Doormat, Front Porch Decor",4,4,7,7,VERIFIED,PUBLIC_PRODUCTS_JSON_HANDLE_MATCH_AFTER_ACTIVATION,2026-09-11T07:05:58Z
chillgen_20260911_01,personalized-rainbow-flag-cat-doormat-pride-month-decor,chillgen.com::personalized-rainbow-flag-cat-doormat-pride-month-decor,16001056407921,gid://shopify/Product/16001056407921,https://chillgen.com/products/personalized-rainbow-flag-cat-doormat-pride-month-decor,https://chillgen.com/products.json?limit=250&page=1,"Personalized Rainbow Flag Cat Doormat, Pride Month Decor","Personalized Rainbow Flag Cat Doormat, Pride Month Decor",4,4,7,7,VERIFIED,PUBLIC_PRODUCTS_JSON_HANDLE_MATCH_AFTER_ACTIVATION,2026-09-11T07:05:58Z
chillgen_20260911_01,personalized-flower-fantasy-nature-whimsical-doormat,chillgen.com::personalized-flower-fantasy-nature-whimsical-doormat,16001056440689,gid://shopify/Product/16001056440689,https://chillgen.com/products/personalized-flower-fantasy-nature-whimsical-doormat,https://chillgen.com/products.json?limit=250&page=1,"Personalized Flower fantasy, nature, whimsical Doormat","Personalized Flower fantasy, nature, whimsical Doormat",4,4,7,7,VERIFIED,PUBLIC_PRODUCTS_JSON_HANDLE_MATCH_AFTER_ACTIVATION,2026-09-11T07:05:58Z
chillgen_20260911_01,personalized-rainbow-skeleton-pride-doormat-porch-decor,chillgen.com::personalized-rainbow-skeleton-pride-doormat-porch-decor,16001058341233,gid://shopify/Product/16001058341233,https://chillgen.com/products/personalized-rainbow-skeleton-pride-doormat-porch-decor,https://chillgen.com/products.json?limit=250&page=1,"Personalized Rainbow Skeleton Pride Doormat, Porch Decor","Personalized Rainbow Skeleton Pride Doormat, Porch Decor",4,4,7,7,VERIFIED,PUBLIC_PRODUCTS_JSON_HANDLE_MATCH_AFTER_ACTIVATION,2026-09-11T07:05:58Z
chillgen_20260911_01,personalized-rainbow-tree-love-wins-doormat-indoor-outdoor-usage,chillgen.com::personalized-rainbow-tree-love-wins-doormat-indoor-outdoor-usage,16001058406769,gid://shopify/Product/16001058406769,https://chillgen.com/products/personalized-rainbow-tree-love-wins-doormat-indoor-outdoor-usage,https://chillgen.com/products.json?limit=250&page=1,"Personalized Rainbow Tree Love Wins Doormat, Indoor Outdoor Usage","Personalized Rainbow Tree Love Wins Doormat, Indoor Outdoor Usage",4,4,7,7,VERIFIED,PUBLIC_PRODUCTS_JSON_HANDLE_MATCH_AFTER_ACTIVATION,2026-09-11T07:05:58Z
chillgen_20260911_01,personalized-rainbow-skeleton-heart-hands-inclusive-doormat,chillgen.com::personalized-rainbow-skeleton-heart-hands-inclusive-doormat,16001058439537,gid://shopify/Product/16001058439537,https://chillgen.com/products/personalized-rainbow-skeleton-heart-hands-inclusive-doormat,https://chillgen.com/products.json?limit=250&page=1,Personalized Rainbow Skeleton Heart-Hands Inclusive Doormat,Personalized Rainbow Skeleton Heart-Hands Inclusive Doormat,4,4,7,7,VERIFIED,PUBLIC_PRODUCTS_JSON_HANDLE_MATCH_AFTER_ACTIVATION,2026-09-11T07:05:58Z
chillgen_20260911_01,personalized-pride-rainbow-doormat-front-porch-decor,chillgen.com::personalized-pride-rainbow-doormat-front-porch-decor,16001059750257,gid://shopify/Product/16001059750257,https://chillgen.com/products/personalized-pride-rainbow-doormat-front-porch-decor,https://chillgen.com/products.json?limit=250&page=1,"Personalized Pride Rainbow Doormat, Front Porch Decor","Personalized Pride Rainbow Doormat, Front Porch Decor",4,4,7,7,VERIFIED,PUBLIC_PRODUCTS_JSON_HANDLE_MATCH_AFTER_ACTIVATION,2026-09-11T07:05:58Z
chillgen_20260911_01,personalized-pride-rainbow-flag-doormat-indoor-outdoor-usage,chillgen.com::personalized-pride-rainbow-flag-doormat-indoor-outdoor-usage,16001059783025,gid://shopify/Product/16001059783025,https://chillgen.com/products/personalized-pride-rainbow-flag-doormat-indoor-outdoor-usage,https://chillgen.com/products.json?limit=250&page=1,"Personalized Pride Rainbow Flag Doormat, Indoor Outdoor Usage","Personalized Pride Rainbow Flag Doormat, Indoor Outdoor Usage",4,4,7,7,VERIFIED,PUBLIC_PRODUCTS_JSON_HANDLE_MATCH_AFTER_ACTIVATION,2026-09-11T07:05:58Z
chillgen_20260911_01,personalized-rainbow-watercolor-love-wins-doormat-front-porch-decor,chillgen.com::personalized-rainbow-watercolor-love-wins-doormat-front-porch-decor,16001059848561,gid://shopify/Product/16001059848561,https://chillgen.com/products/personalized-rainbow-watercolor-love-wins-doormat-front-porch-decor,https://chillgen.com/products.json?limit=250&page=1,"Personalized Rainbow Watercolor Love Wins Doormat, Front Porch Decor","Personalized Rainbow Watercolor Love Wins Doormat, Front Porch Decor",4,4,7,7,VERIFIED,PUBLIC_PRODUCTS_JSON_HANDLE_MATCH_AFTER_ACTIVATION,2026-09-11T07:05:58Z
chillgen_20260911_01,personalized-rainbow-welcome-homos-doormat-indoor-outdoor,chillgen.com::personalized-rainbow-welcome-homos-doormat-indoor-outdoor,16001060929905,gid://shopify/Product/16001060929905,https://chillgen.com/products/personalized-rainbow-welcome-homos-doormat-indoor-outdoor,https://chillgen.com/products.json?limit=250&page=1,"Personalized Rainbow Welcome HOMOS Doormat, Indoor Outdoor","Personalized Rainbow Welcome HOMOS Doormat, Indoor Outdoor",4,4,7,7,VERIFIED,PUBLIC_PRODUCTS_JSON_HANDLE_MATCH_AFTER_ACTIVATION,2026-09-11T07:05:58Z
chillgen_20260911_01,personalized-rainbow-astronaut-cat-cosmic-doormat-front-porch-decor,chillgen.com::personalized-rainbow-astronaut-cat-cosmic-doormat-front-porch-decor,16001060995441,gid://shopify/Product/16001060995441,https://chillgen.com/products/personalized-rainbow-astronaut-cat-cosmic-doormat-front-porch-decor,https://chillgen.com/products.json?limit=250&page=1,"Personalized Rainbow Astronaut Cat Cosmic Doormat, Front Porch Decor","Personalized Rainbow Astronaut Cat Cosmic Doormat, Front Porch Decor",4,4,7,7,VERIFIED,PUBLIC_PRODUCTS_JSON_HANDLE_MATCH_AFTER_ACTIVATION,2026-09-11T07:05:58Z
chillgen_20260911_01,personalized-flowers-hate-has-no-home-here-doormat-front-porch-decor,chillgen.com::personalized-flowers-hate-has-no-home-here-doormat-front-porch-decor,16001061060977,gid://shopify/Product/16001061060977,https://chillgen.com/products/personalized-flowers-hate-has-no-home-here-doormat-front-porch-decor,https://chillgen.com/products.json?limit=250&page=1,"Personalized Flowers Hate Has No Home Here Doormat, Front Porch Decor","Personalized Flowers Hate Has No Home Here Doormat, Front Porch Decor",4,4,7,7,VERIFIED,PUBLIC_PRODUCTS_JSON_HANDLE_MATCH_AFTER_ACTIVATION,2026-09-11T07:05:58Z
chillgen_20260911_01,personalized-cozy-cat-rainbow-books-doormat-indoor-outdoor-usage,chillgen.com::personalized-cozy-cat-rainbow-books-doormat-indoor-outdoor-usage,16001062011249,gid://shopify/Product/16001062011249,https://chillgen.com/products/personalized-cozy-cat-rainbow-books-doormat-indoor-outdoor-usage,https://chillgen.com/products.json?limit=250&page=1,"Personalized Cozy Cat Rainbow Books Doormat, Indoor Outdoor Usage","Personalized Cozy Cat Rainbow Books Doormat, Indoor Outdoor Usage",4,4,7,7,VERIFIED,PUBLIC_PRODUCTS_JSON_HANDLE_MATCH_AFTER_ACTIVATION,2026-09-11T07:05:58Z
chillgen_20260911_01,personalized-as-for-me-and-my-house-doormat-water-resistant,chillgen.com::personalized-as-for-me-and-my-house-doormat-water-resistant,16001072890225,gid://shopify/Product/16001072890225,https://chillgen.com/products/personalized-as-for-me-and-my-house-doormat-water-resistant,https://chillgen.com/products.json?limit=250&page=1,"Personalized As For Me And My House Doormat, Water Resistant","Personalized As For Me And My House Doormat, Water Resistant",4,4,6,6,VERIFIED,PUBLIC_PRODUCTS_JSON_HANDLE_MATCH_AFTER_ACTIVATION,2026-09-11T07:05:58Z
chillgen_20260911_01,personalized-bible-verse-quote-with-ornate-frame-doormat,chillgen.com::personalized-bible-verse-quote-with-ornate-frame-doormat,16001072922993,gid://shopify/Product/16001072922993,https://chillgen.com/products/personalized-bible-verse-quote-with-ornate-frame-doormat,https://chillgen.com/products.json?limit=250&page=1,Personalized Bible Verse Quote with Ornate Frame Doormat,Personalized Bible Verse Quote with Ornate Frame Doormat,4,4,6,6,VERIFIED,PUBLIC_PRODUCTS_JSON_HANDLE_MATCH_AFTER_ACTIVATION,2026-09-11T07:05:58Z
chillgen_20260911_01,personalized-bible-verse-family-name-doormat-water-resistant-bible,chillgen.com::personalized-bible-verse-family-name-doormat-water-resistant-bible,16001072955761,gid://shopify/Product/16001072955761,https://chillgen.com/products/personalized-bible-verse-family-name-doormat-water-resistant-bible,https://chillgen.com/products.json?limit=250&page=1,"Personalized Bible Verse Family Name Doormat, Water Resistant - Bible","Personalized Bible Verse Family Name Doormat, Water Resistant - Bible",4,4,6,6,VERIFIED,PUBLIC_PRODUCTS_JSON_HANDLE_MATCH_AFTER_ACTIVATION,2026-09-11T07:05:58Z
chillgen_20260911_01,personalized-rustic-deer-antler-monogram-doormat,chillgen.com::personalized-rustic-deer-antler-monogram-doormat,16001073480049,gid://shopify/Product/16001073480049,https://chillgen.com/products/personalized-rustic-deer-antler-monogram-doormat,https://chillgen.com/products.json?limit=250&page=1,Personalized Rustic Deer Antler Monogram Doormat,Personalized Rustic Deer Antler Monogram Doormat,4,4,6,6,VERIFIED,PUBLIC_PRODUCTS_JSON_HANDLE_MATCH_AFTER_ACTIVATION,2026-09-11T07:05:58Z
chillgen_20260911_01,personalized-monogrammed-scripture-and-family-name-doormat,chillgen.com::personalized-monogrammed-scripture-and-family-name-doormat,16001073512817,gid://shopify/Product/16001073512817,https://chillgen.com/products/personalized-monogrammed-scripture-and-family-name-doormat,https://chillgen.com/products.json?limit=250&page=1,Personalized Monogrammed Scripture and Family Name Doormat,Personalized Monogrammed Scripture and Family Name Doormat,4,4,6,6,VERIFIED,PUBLIC_PRODUCTS_JSON_HANDLE_MATCH_AFTER_ACTIVATION,2026-09-11T07:05:58Z
chillgen_20260911_01,personalized-scriptural-initial-with-ornate-frame-doormat,chillgen.com::personalized-scriptural-initial-with-ornate-frame-doormat,16001073578353,gid://shopify/Product/16001073578353,https://chillgen.com/products/personalized-scriptural-initial-with-ornate-frame-doormat,https://chillgen.com/products.json?limit=250&page=1,Personalized Scriptural Initial with Ornate Frame Doormat,Personalized Scriptural Initial with Ornate Frame Doormat,4,4,6,6,VERIFIED,PUBLIC_PRODUCTS_JSON_HANDLE_MATCH_AFTER_ACTIVATION,2026-09-11T07:05:58Z
chillgen_20260911_01,personalized-gold-scriptural-monogram-doormat,chillgen.com::personalized-gold-scriptural-monogram-doormat,16001073971569,gid://shopify/Product/16001073971569,https://chillgen.com/products/personalized-gold-scriptural-monogram-doormat,https://chillgen.com/products.json?limit=250&page=1,Personalized Gold Scriptural Monogram Doormat,Personalized Gold Scriptural Monogram Doormat,4,4,6,6,VERIFIED,PUBLIC_PRODUCTS_JSON_HANDLE_MATCH_AFTER_ACTIVATION,2026-09-11T07:05:58Z
chillgen_20260911_01,personalized-bible-verse-crossword-family-names-doormat,chillgen.com::personalized-bible-verse-crossword-family-names-doormat,16001083998577,gid://shopify/Product/16001083998577,https://chillgen.com/products/personalized-bible-verse-crossword-family-names-doormat,https://chillgen.com/products.json?limit=250&page=1,Personalized Bible Verse Crossword Family Names Doormat,Personalized Bible Verse Crossword Family Names Doormat,4,4,6,6,VERIFIED,PUBLIC_PRODUCTS_JSON_HANDLE_MATCH_AFTER_ACTIVATION,2026-09-11T07:05:58Z
chillgen_20260911_01,personalized-religious-typography-scrollwork-doormat-machine-washable,chillgen.com::personalized-religious-typography-scrollwork-doormat-machine-washable,16001084064113,gid://shopify/Product/16001084064113,https://chillgen.com/products/personalized-religious-typography-scrollwork-doormat-machine-washable,https://chillgen.com/products.json?limit=250&page=1,"Personalized Religious Typography Scrollwork Doormat, Machine Washable","Personalized Religious Typography Scrollwork Doormat, Machine Washable",4,4,6,6,VERIFIED,PUBLIC_PRODUCTS_JSON_HANDLE_MATCH_AFTER_ACTIVATION,2026-09-11T07:05:58Z
chillgen_20260911_01,personalized-christian-family-name-doormat-machine-washable,chillgen.com::personalized-christian-family-name-doormat-machine-washable,16001084391793,gid://shopify/Product/16001084391793,https://chillgen.com/products/personalized-christian-family-name-doormat-machine-washable,https://chillgen.com/products.json?limit=250&page=1,"Personalized Christian Family Name Doormat, Machine Washable","Personalized Christian Family Name Doormat, Machine Washable",4,4,6,6,VERIFIED,PUBLIC_PRODUCTS_JSON_HANDLE_MATCH_AFTER_ACTIVATION,2026-09-11T07:05:58Z
chillgen_20260911_01,personalized-scripture-quote-with-family-name-doormat,chillgen.com::personalized-scripture-quote-with-family-name-doormat,16001084424561,gid://shopify/Product/16001084424561,https://chillgen.com/products/personalized-scripture-quote-with-family-name-doormat,https://chillgen.com/products.json?limit=250&page=1,Personalized Scripture Quote with Family Name Doormat,Personalized Scripture Quote with Family Name Doormat,4,4,6,6,VERIFIED,PUBLIC_PRODUCTS_JSON_HANDLE_MATCH_AFTER_ACTIVATION,2026-09-11T07:05:58Z
chillgen_20260911_01,personalized-distressed-american-flag-cross-doormat-machine-washable,chillgen.com::personalized-distressed-american-flag-cross-doormat-machine-washable,16001084490097,gid://shopify/Product/16001084490097,https://chillgen.com/products/personalized-distressed-american-flag-cross-doormat-machine-washable,https://chillgen.com/products.json?limit=250&page=1,"Personalized Distressed American Flag Cross Doormat, Machine Washable","Personalized Distressed American Flag Cross Doormat, Machine Washable",4,4,6,6,VERIFIED,PUBLIC_PRODUCTS_JSON_HANDLE_MATCH_AFTER_ACTIVATION,2026-09-11T07:05:58Z
chillgen_20260911_01,personalized-as-for-me-and-my-house-doormat-machine-washable,chillgen.com::personalized-as-for-me-and-my-house-doormat-machine-washable,16001084981617,gid://shopify/Product/16001084981617,https://chillgen.com/products/personalized-as-for-me-and-my-house-doormat-machine-washable,https://chillgen.com/products.json?limit=250&page=1,"Personalized As For Me And My House Doormat, Machine Washable","Personalized As For Me And My House Doormat, Machine Washable",4,4,7,7,VERIFIED,PUBLIC_PRODUCTS_JSON_HANDLE_MATCH_AFTER_ACTIVATION,2026-09-11T07:05:58Z
chillgen_20260911_01,custom-ornate-red-cross-floral-area-rug-non-skid-church-decor,chillgen.com::custom-ornate-red-cross-floral-area-rug-non-skid-church-decor,16000581042545,gid://shopify/Product/16000581042545,https://chillgen.com/products/custom-ornate-red-cross-floral-area-rug-non-skid-church-decor,https://chillgen.com/products.json?limit=250&page=1,"Custom Ornate Red Cross Floral Area Rug, Non-Skid, Church Decor","Custom Ornate Red Cross Floral Area Rug, Non-Skid, Church Decor",4,4,6,6,VERIFIED,PUBLIC_PRODUCTS_JSON_HANDLE_MATCH_AFTER_ACTIVATION,2026-09-11T07:05:58Z
chillgen_20260911_01,custom-gothic-cross-faith-area-rug-non-skid-church-decor,chillgen.com::custom-gothic-cross-faith-area-rug-non-skid-church-decor,16000581075313,gid://shopify/Product/16000581075313,https://chillgen.com/products/custom-gothic-cross-faith-area-rug-non-skid-church-decor,https://chillgen.com/products.json?limit=250&page=1,"Custom Gothic Cross Faith Area Rug, Non-Skid, Church Decor","Custom Gothic Cross Faith Area Rug, Non-Skid, Church Decor",4,4,6,6,VERIFIED,PUBLIC_PRODUCTS_JSON_HANDLE_MATCH_AFTER_ACTIVATION,2026-09-11T07:05:58Z
chillgen_20260911_01,custom-inspirational-faith-floral-cross-area-rug-non-skid,chillgen.com::custom-inspirational-faith-floral-cross-area-rug-non-skid,16000581108081,gid://shopify/Product/16000581108081,https://chillgen.com/products/custom-inspirational-faith-floral-cross-area-rug-non-skid,https://chillgen.com/products.json?limit=250&page=1,"Custom Inspirational Faith Floral Cross Area Rug, Non-Skid","Custom Inspirational Faith Floral Cross Area Rug, Non-Skid",4,4,6,6,VERIFIED,PUBLIC_PRODUCTS_JSON_HANDLE_MATCH_AFTER_ACTIVATION,2026-09-11T07:05:58Z
